PC1,PC2
0.005885196232082006,-0.04735920844158652
0.005493335767904902,-0.046100471641125775
0.009274373947619714,-0.05347286874562473
0.008477993917237843,-0.05163680567413617
0.007797806350051098,-0.050906656251421024
0.008035891824908293,-0.050824795538122636
0.009708953877128152,-0.054268281166033015
0.0071220650287163074,-0.04905010165361913
0.006033705000635677,-0.04692174998089474
0.009476557595856305,-0.05280483016898979
0.008913796707712612,-0.052236445882650986
0.008365144189640883,-0.051963146669168576
0.009015035669761338,-0.05288803925886468
0.008920493781110839,0.03216750930049522
0.008956967715171064,0.02900793060890088
0.008759460834218186,0.030779143844827724
0.00857261208232047,0.029051987293061805
0.009693375238306481,0.031154199931028987
0.010420687491129803,0.023448223823362997
0.00874453859607793,0.027821365563142655
0.008280726995579628,0.031500265343554726
0.0084908783052945,0.02992354364038952
0.009291248390334446,0.029509822093537724
0.00952736346564028,0.029168209571206808
0.008643828496941555,0.028909039747417972
0.009190711588791395,0.030280077617909327
0.011212167163164028,0.0005328604554899728
0.013478445626127628,-0.003347672791097621
0.01182890496646359,-0.0014632186055724874
0.012250300547375229,-0.0010061633194494287
0.012432560264062567,-0.0038917791714384573
0.012451058469108949,-0.005069379747958487
0.012469146150820273,-0.0011599372057163508
0.012072888660396781,1.7463698739270246e-05
0.012619974670103019,-0.0037479218141442724
0.012556541185687662,0.0007063237250952766
0.011350533054213602,-8.816599946925758e-05
0.012065025856978611,0.0018374416092049684
0.0140190160691888,-0.007605462201903719
-0.01021256467957026,-0.044426408719399596
-0.009582772446899505,-0.04617118176769423
-0.007739153056885398,-0.04818538966438935
-0.00727904321687183,-0.04782615996408373
-0.010320758284622986,-0.04529590714453229
-0.007557486869181681,-0.047774328284752074
-0.0069035269191512665,-0.04684539474744323
-0.009022118500129449,-0.04644501766284187
-0.011621658975130338,-0.044700769579456914
-0.006966127722929628,-0.04840672903715029
-0.009270680228681267,-0.0461814834683177
-0.010510578136239788,-0.0453949207470155
-0.009493442197779657,-0.04660960913216365
-0.0266029617633318,0.0062346530050519135
-0.02764372127245431,-0.0030484549143139777
-0.03245301668450463,0.0020613133756908295
-0.03458057544947113,-0.0040046404177204835
-0.03146969680877528,0.0006879797370773224
-0.025552585876688218,0.003384984857623651
-0.024247501984877552,0.00016781974005867215
-0.022342567579996645,0.0027390212067393204
-0.019355902454604532,-0.005584230808208713
-0.031089180288285626,-0.009598542046488483
-0.02949040378343016,-0.00023794316175624187
-0.024584660647096596,0.005807406020542684
-0.02278102170873806,0.00025933591416155984
-0.07638784154431744,-0.00909750437639671
-0.07781730177199536,-0.009826561925498092
-0.07259132513858357,-0.007581292575125547
-0.07504455725091128,-0.009322971675368356
-0.07608870268414195,-0.008750633306553486
-0.07532551876049288,-0.008882792730784307
-0.06174123563523692,-0.0021010138834127155
-0.05625279299020302,-0.00021578542641460468
-0.06812931236868269,-0.005190395988967952
-0.07641973109900206,-0.008921636307626764
-0.07747553022859781,-0.009406025230023454
-0.07832630091465131,-0.010195801408649369
-0.07896711427836561,-0.010050151523412772
0.012161816448870159,-0.04538606941207749
0.012332200254327437,-0.04627823994062288
0.01246040111871577,-0.045090579948403466
0.012034882649248159,-0.044483280518241734
0.012389404166883477,-0.045827836589666146
0.012186314604071017,-0.04518109109029863
0.01136589772496122,-0.04297520430778033
0.011974866460251758,-0.043922236239386174
0.012959160328693604,-0.048809195342557836
0.013265229046427017,-0.04918595730405964
0.01274467021583261,-0.046414810494354815
0.011864763293832544,-0.043222823337010975
0.012706046345697952,-0.046595258314961675
0.017985716948576716,-0.0694577483532059
0.018022810459607658,-0.07021286029962584
0.017942710045261108,-0.06942962119269912
0.0181235418686682,-0.07056061401580391
0.017436359465300873,-0.06782135839502651
0.01753763374428365,-0.06744276826437808
0.017652485468820006,-0.067631147759516
0.01779883230345522,-0.06894396352648431
0.017708989858469453,-0.06804017739489322
0.01667886814524619,-0.06284784861225506
0.01767199809961352,-0.0678299201773703
0.017488842291290215,-0.06727115303834327
0.017333382794992087,-0.06451032976608681
-0.017689031266584304,-0.031870648615622034
-0.012120936761680275,-0.037467802167044435
-0.013041502850068781,-0.0354761926658062
-0.013948162533881016,-0.0366188030358292
-0.018020565917727802,-0.032385206374720824
-0.007994097090238413,-0.031104497603070304
-0.012522181420804484,-0.03241322665569181
-0.01991597887959048,-0.035323596156679286
-0.01601080451097827,-0.03401837229970331
-0.014181087153010821,-0.028025337864982677
-0.010076264981899563,-0.03911190145624098
-0.013020264504162197,-0.03675877260146141
-0.027708377717259716,-0.02691550656959612
0.015088243641767552,-0.04170344853503724
0.01347816243783842,-0.024083372313306813
0.013388279732618939,-0.015454611159863955
0.014188056692307766,-0.02828970819484392
0.014722464366432276,-0.030709941491502947
0.014264837448717845,-0.02065651638774786
0.014499089898687674,-0.030574128362890345
0.01504513975587406,-0.02748632042547284
0.014680326146426326,-0.030933009765091404
0.013275899610234952,-0.025635815799705922
0.014340753839526828,-0.02208954879003792
0.010733802000690193,-0.020116663756852678
0.011618488927544454,-0.022144938466745062
0.014001041317588664,-0.05042652416671152
0.01349899382556814,-0.04853657809296929
0.013501543750641174,-0.04774850213831395
0.013379116632585517,-0.045893955202921485
0.014218605797654217,-0.0517340391804898
0.014027984819483167,-0.04760719115037017
0.013880441562453688,-0.048158285681108415
0.013806646769305113,-0.04122982588883594
0.01353933558564292,-0.049422016143586975
0.011121908351939823,-0.044337112893387466
0.01474806667333292,-0.05414895909647097
0.013050977636463802,-0.047986200123253483
0.013475376610237365,-0.049485980998837435
0.011984048419347863,-0.04063654751425869
0.011554615452341179,-0.04472169397054558
0.01135140801669038,-0.031518468006979834
0.011553491583507125,-0.039525517393377896
0.011610125012780961,-0.042550659532718325
0.011769930005625802,-0.03374081519094645
0.0130063872517419,-0.025179227483707656
0.010342729300734684,-0.04059828671818753
0.0101688994895661,-0.03147883524230419
0.009987206609174999,-0.03430168589963922
0.01174168843523528,-0.03272483770585329
0.01055928879961866,-0.029330206275319355
0.010949968662875903,-0.034874068400539984
0.011743097369386935,-0.04429363268936067
0.01130796782798517,-0.04458431805315295
0.007399057247741504,-0.02172765611325458
0.01219188589963527,-0.04621254041945369
0.012286558496064562,-0.047636735985908854
0.009279117552586123,-0.031289968526050004
0.011898228228330516,-0.04582400337952712
0.011992659887673535,-0.04564991189835689
0.00989987864958859,-0.03529627354718813
0.011841174356398714,-0.04699706445056028
0.007910710902946925,-0.02526244746947009
0.011993357315912861,-0.04573050189466459
0.01114335984094831,-0.0434774710509235
0.0143744932092245,-0.03911553074991208
0.01466285832471294,-0.04146976411860165
0.014916710213179404,-0.049746813728878375
0.014596316091452653,-0.04662161201072521
0.01466072370020719,-0.042965476870640285
0.014380421745412111,-0.03480477409673774
0.014274358351194854,-0.046247363554220024
0.013608557005357527,-0.04463745240769166
0.013970564460944964,-0.04604148086104053
0.012469490860697452,-0.03801196333837252
0.013536888595728977,-0.04210166844820529
0.01371935386845535,-0.03994438371977194
0.014172673571718418,-0.04227210654821364
-0.005786905993925797,0.03185646085093423
-0.004262658265946002,0.03567031052880291
-0.00585246157869212,0.031741597586217425
-0.0029722862923787724,0.0384104735590615
-0.004561980557747711,0.03393994450113498
-0.004709482162081871,0.03357239319821972
-0.005609291088725048,0.03290251994048886
-0.0053844198419283245,0.03347122204754575
-0.003729443631098922,0.037034659482031294
-0.007044214412084021,0.03085302847040305
-0.006519605253102133,0.030462696528275726
-0.003577623231671782,0.03578263011849992
-0.005451118504827881,0.03062779403955102
0.016222429501396157,-0.06462627267695512
0.01595389846256326,-0.0637891606838797
0.01568218597524865,-0.06271929530517226
0.016250740714174552,-0.06404577259679732
0.015477583037037489,-0.06111058890733301
0.01557955792293632,-0.0610864121467918
0.015767942273473817,-0.06361858147937254
0.015963344996912474,-0.059930819902758704
0.015690507528487854,-0.060222638300043936
0.015311640647269855,-0.06465624843242307
0.015693176306437927,-0.06485726981248491
0.015235799607350657,-0.06471925782046835
0.014791837658247707,-0.06297059851651685
0.024099183852296063,-0.004932664566727867
0.02590973753349282,-0.0014268230992946916
0.028516379957587587,0.006870766147528363
0.02485652253099508,-0.0008952869275619684
0.023385291204341924,-0.007561889267990357
0.024482902190883574,-0.002967096611394721
0.027644979532126697,-0.00252651824855653
0.026083435662193,0.008147165651515773
0.023646263899154914,-0.00413445816864901
0.030489844546918624,0.005217904632292977
0.02983286508416825,0.009443289639286308
0.027416540620345202,-0.0014697277930255364
0.02811006530822295,0.006280364373339419
0.013991869273259402,0.0035949077081339135
0.011547736349368724,-0.010880307046603444
0.011019372740839322,-0.005954553568790039
0.011528778982207815,-0.012906123273351205
0.010505280130302115,-0.010665286606381361
0.010477853780879653,-0.012973512689799524
0.009796202046759583,-0.008754168883089998
0.01053018844305411,-0.0008837525309539417
0.010161892701770783,0.0042219077252554065
0.010878273459965908,-0.0010783527934802744
0.011231800913317795,-0.0014825104654693818
0.01196642305584525,0.00022365346014044027
0.011612762641272568,0.0002297533061604596
0.008918807216020454,-0.042467221867783324
0.007653604245799517,-0.03816164466371096
0.010112472741001178,-0.046768279453522445
0.01234312178484037,-0.05237392485425922
0.011395160589609201,-0.05082642661956183
0.011785297140223071,-0.05018071369548698
0.009461448378725241,-0.045480502667121815
0.009647745674939558,-0.04392256303387478
0.013217890721163054,-0.053952295098882753
0.011929656207197327,-0.051326860264480606
0.007825295950277773,-0.03997630785753528
0.006060601675733202,-0.03691943488984201
0.010717890253633946,-0.04595843829601835
0.011743789547058316,-0.024555009261111913
0.010623268496807017,-0.02025478489128544
0.010943626915325168,-0.020336868109146682
0.010992170351664683,-0.020928429665306066
0.011609588146392874,-0.017384431827089958
0.011490905305139892,-0.023864590661402875
0.012447204763582428,-0.030516329284347114
0.010651463155655922,-0.020061866416755867
0.011482119812225933,-0.0230171741107616
0.011080622189142303,-0.020164070919485043
0.011664699289963136,-0.023553988390235064
0.010585723339687178,-0.018432181364343346
0.01228188087150547,-0.02954758535591349
0.008922566045551581,0.033584216593384904
0.012011396456532018,0.02441682011299873
0.008264006884841427,0.03541182424355776
0.007613929346482117,0.0367047132481948
0.008119785766667522,0.034541996410371055
0.009443685159902581,0.02888299826117536
0.009632803105295303,0.03016141586194988
0.009084976971908834,0.02746310895873635
0.013170759168418167,0.02148327096919495
0.005124115461739942,0.03866948474889431
0.008186821985600045,0.03483874458421909
0.01018895799117175,0.026375706705126806
0.005325897185633097,0.042136325057993605
-0.013150648433445608,0.03571277562182878
-0.01321731805237433,0.036021778135037374
-0.011878292831520684,0.037007186154780686
-0.012564395019342986,0.03599967069629669
-0.010368579195386163,0.03608813971968162
-0.013271074114084434,0.03651398106911015
-0.01333040130425001,0.03543642713589328
-0.004148140549015802,0.04705764030958838
-0.010289790953750292,0.03833168453493894
-0.01265792119202485,0.037263557893608114
-0.012044994861879467,0.036749036694323625
-0.012370990886226467,0.036219576748023216
-0.01200197343101821,0.03693972817556258
0.00034618132519979264,0.05426134183032913
0.0014419587139778184,0.05215073140093205
-0.00181484211453594,0.05653128722476215
-0.0009532867731123823,0.055099589307139075
0.002345280684019291,0.04922355022613839
3.0277541948042312e-05,0.054974946642713934
0.0013418255963240661,0.05335606051846464
0.001540907524263896,0.051262675854997504
-0.0005302355827303023,0.05456333778870862
0.0003216604521378541,0.05422984328415555
0.002163329986636759,0.051879042811910976
0.00037896784783729805,0.05372537397966267
0.0012753286927728168,0.05436225721180072
-0.0007687335261071944,0.04479288927894069
0.00014808746986498967,0.04470375392038501
0.002775383479798208,0.031533524109474166
0.006428077253332317,0.02692086559952951
-0.004868025163640234,0.05564520407809287
-0.00618612828392837,0.04865596233974903
-0.004440296944705081,0.05087113990321468
-0.005009469655092526,0.057765012070149745
-9.212700381084692e-05,0.043879520953452926
-0.004036680970996651,0.0506887356660632
-0.0024439555635946708,0.05104377601989054
-0.003988537127403199,0.04285770208471941
-0.003408081257926254,0.04423621893774871
0.0008677687217594464,0.054675202197101966
0.001731091762557728,0.056137960997936484
0.0005073953417439641,0.05388164898890352
0.0005713875724464777,0.05447430385444534
0.0013993521422614229,0.05648600671607115
0.001204733057723182,0.05542842822690215
0.0008679736354127295,0.0549959368935744
0.0015462240288899778,0.05475669150925025
-0.0018676116061297021,0.05210160482410784
0.0002545196598823384,0.05480051914412664
0.0010309638321169673,0.056002150736807824
0.0009909494495623735,0.05530872178203518
0.0010526190606653133,0.05701460256871339
0.006676866361934163,-0.034901006608057936
0.0070754252686382494,-0.028271718119460068
0.0034642328014509462,-0.03028171528138921
-0.03757906454306079,-0.011171337022974155
-0.025190420365788228,-0.009571807928539662
-0.026123821657239265,-0.023082851521335823
-0.0037844058740760566,-0.022268480630288273
-0.022593652820463935,-0.020007616008875444
0.007683378044805431,-0.0312810532799787
0.007853457942120222,-0.036848662527535644
0.01013502337099249,-0.0233768145632035
0.009296636789765238,-0.03708551459848607
0.0008028394626925701,-0.031688109931082675
0.022492697162397296,0.0013968149095784507
0.02874249297575575,0.004350477324081338
0.029041549276936605,0.004719122920103119
0.022854082417273148,0.0016585642151382314
0.02800953024695038,0.004431488533056834
0.028467028698943703,0.004421315217427902
0.024318545904776105,0.002364916909754363
0.02528433667783834,0.003755180366063133
0.03312203430225988,0.007285318949723591
0.028103213454795505,0.004315830498837433
0.02538104382293187,0.003477249137121882
0.03244038253599086,0.006354021172764624
0.03198700569146691,0.005839855047536272
0.0018138261599392675,0.039922629527580536
-0.000798138322640149,0.03949653076243631
-0.001308059760832088,0.038501423240698704
-0.0036416984708406083,0.03567414640766046
0.0014006611984959724,0.03801318822887233
0.00021594534074894034,0.037939735857140174
-0.003789506111639675,0.0332207774319037
-0.0013892933486965235,0.04110807767026923
-0.002966253433165638,0.037042191073091146
-0.0023056921236401288,0.03198541061180284
-0.0015289623321232048,0.04285000386262806
0.0010007842000553063,0.041381437406658256
-0.0011922726980775644,0.03311729345031558
-0.0029105944483196994,0.04453096114578832
-0.0049075647536921535,0.04382658204956041
-0.002128339771211427,0.0436815287323254
-0.0021049377985994516,0.04791137182481621
-0.002217137951490353,0.04865238423460774
-0.0022664810045528406,0.04621903374905609
-0.002437212619989121,0.046026287053818005
-0.0018088889580538958,0.04645019904359734
-0.002182845858574999,0.04636825220213024
-0.002382267031943259,0.045829831358098094
-0.0027721293512389853,0.04772844668547112
-0.0027477398639487597,0.04612074078055503
-0.0016984763387996636,0.047374095134147184
-0.003267970604521289,0.03779248105454272
0.008165063858297572,0.034584472233261866
0.00559565722450181,0.03745260019530538
-0.003418099770319139,0.03732095531539985
-0.0019845993213189286,0.040560522437760156
0.007327388403661593,0.03514845536552111
-0.0018364561973518783,0.03994707053951765
0.0060609717763470405,0.03685047665468233
0.00575812020254055,0.036608199919934144
0.0055662244442293875,0.037246081455048465
0.003452081144682315,0.03985252314486958
0.0005217257756224629,0.038432626847377624
0.0014341817758286985,0.03586777549739429
0.01078442187579276,0.017489196609042888
0.012550154754943053,0.02455210473582558
0.01243043223514741,0.007787046471794374
0.012448859962809086,0.006596518040773999
0.006428936688029801,0.012714398385571184
0.01366727727574023,0.002854566090731131
0.008904858145168492,0.01768835382260801
0.011370374788572356,0.011962785721031276
0.008147418355221429,0.01302656534299507
0.012918579106392245,-0.00027018802004728505
0.012080473793952442,0.0056293016916530375
0.011454118260694241,0.02725706705000653
0.013081167993349447,0.021992500794866
0.00767252280255695,0.016973259326509862
0.005555980961598597,0.019837778216476643
0.005692783629950495,0.021610050990078376
0.007260644090277158,0.014183197879511234
0.0059644270854462295,0.019729997570075687
0.006927329126442085,0.011624689096271557
0.0076732761020552225,0.009156208858066754
0.007931851560367943,0.011623940439594749
0.01054071632864502,0.010523146334379735
0.009914596982687908,0.011579774667593554
0.011942815755537881,-0.0030319649670015186
0.00852320866090675,0.009238117819562583
0.00796888808363943,0.005727067863494317
0.015744141788193257,0.02536332386975626
0.019151709061299604,0.014012633532378584
0.018150779327834963,0.018713708947947785
0.01906487956305483,0.016539879912334073
0.012580007897745485,0.02683817100393494
0.018423745358119848,0.01999879866886933
0.01252006985727762,0.02890082365082301
0.013180360567307188,0.02699464853170048
0.014602546423913306,0.026447405440553722
0.014118004354367627,0.025360369656063
0.01145980020219651,0.030233938986450402
0.014314825181912431,0.023854624887960512
0.016135778660042302,0.023945984142836944
0.02570702240355048,0.004571419718857453
0.021123143150367535,0.01634723578549602
0.022262434434778624,0.010006976875333234
0.02408822093366914,0.005980608878484787
0.02380464176024868,0.009519389300592639
0.028247524148186265,0.00586390861033318
0.020738448934057744,0.016869303362202277
0.02141128411198987,0.016634972766407352
0.019064846581793318,0.020033604896673548
0.0219229011799805,0.016039348753110853
0.02503910885550427,0.007887159701929573
0.02048654030794742,0.011768235999807326
0.016707633956097298,0.019479131433092264
-0.024578849932024076,-0.024327545761829186
-0.026070137874837567,-0.02544809117178204
-0.012767586268216355,-0.03447880415890289
-0.019088803312682444,-0.030996081943459923
-0.019223445610641394,-0.03274888448805684
-0.027314376821247193,-0.029310771936662098
-0.006449295353253108,-0.041107799887504785
-0.008897588837135822,-0.04227846193817492
-0.021456570543573455,-0.03424265417922278
-0.014259028592999093,-0.03726914155378895
-0.019496104263617618,-0.034597422527426744
-0.0183190221028031,-0.031933640442012245
-0.016493681475953575,-0.038083219291951895
-0.013795335385787288,0.027094547467418503
-0.01044372803154493,0.006882481311801174
-0.016646380958397385,0.02087095635638282
-0.014472260755045272,0.023242618467922263
-0.013669790331184355,0.014698724697150504
-0.013912393824113498,0.029558626629713026
-0.023893394389701773,0.015368336674448358
-0.014397456589727102,0.02363654891804367
-0.017981535552487514,0.01868960228392315
-0.015921984463543842,0.018374457682066723
-0.013190563683880427,0.02502423504054629
-0.013155503206753,0.029026638951508074
-0.012518154778081221,0.02818061984214802
-0.001446261602277584,0.05236510077423488
-0.0019236112379916305,0.05051480946176009
-0.0015722592023708663,0.05243870110915179
-0.0018990217107293721,0.04928609202922831
-0.0015486267620992734,0.05156616379753716
-0.0016822501028131698,0.051630501039143004
-0.0017777947318005946,0.05121251923939301
-0.0017852226398439623,0.05316217597819708
-0.0017289142192822543,0.05063629853150927
-0.0015036450609653509,0.05441315818705102
-0.0017451720528835735,0.050515573873021184
-0.001757067288732638,0.051289049851009495
-0.001712677624194796,0.05208285640473847
-0.0013398550109961819,0.056459675208811906
-0.0021639689098213425,0.04950173306969792
-0.0009488134856434243,0.05379369092527081
-0.0011133196624302714,0.05295711370297301
-0.0020062029223674943,0.04924137689020823
-0.0016583431706247759,0.05294639778945315
-0.0016405466267999306,0.05129197115553562
-0.0011363133546223832,0.05066934518313886
-0.0006475883581881711,0.058855176118924844
-0.0017332754852135963,0.05076608455243106
-0.0012987774461921577,0.055959189372687845
-0.0012877214243219822,0.05754172287047982
-0.0017535903493739393,0.051439128539152744
-0.0013971503379079054,0.04787865013012424
-0.0004853127074749394,0.049396755674949264
-0.0011387251345161948,0.05092026087239869
-0.0003433089151045761,0.04807722931481751
-0.0004354165320203571,0.04956635488116716
-0.0006974857387199905,0.05130144649919969
-0.001320328792292111,0.04934165451170709
-0.0007341058415288035,0.051883674155645106
7.804666499618651e-05,0.04954081040753147
-0.0014187443413833354,0.049082128124845824
-0.0010733034053179052,0.04948328565404777
-0.0009109263744452508,0.04911837255679604
-0.004048978460162231,0.04039317773062107
0.0004638128351121004,0.043395310703487
0.00118536606090054,0.042546063728828284
-0.0010604525702051758,0.04371117332855623
0.00010466081924336835,0.043383476292093874
0.0004151163969858536,0.04459062684508488
0.00452632101943934,0.03983870681333046
0.0010521737790444691,0.04082906254519194
0.004592346787980352,0.038675056482333485
0.002219915748375662,0.041632762635311564
0.002127468689806557,0.040722929717237934
-0.0002202160095427518,0.04270389034096557
0.0006776990145265119,0.04337951499524226
0.0004775002282312097,0.04150185712203514
0.0049690944097616875,-0.03008310701866387
0.004200118216488731,-0.02892915992005408
0.008607847284110072,-0.039751644507074635
0.008423198791435117,-0.03998356282596236
0.0027103935436731895,-0.019597887478191526
0.005791625913664967,-0.03035992367758483
0.009163838119570363,-0.042754334351918506
0.009381359515025946,-0.043247690568619664
0.009733699235569472,-0.04276001686609628
0.005182867380799851,-0.03411080888952943
0.009588690277230917,-0.038722294348043765
0.006320425597103081,-0.03312692079383714
0.007029290710154776,-0.038397060561882794
0.047226596584551424,0.012730482043449823
0.02760275419332913,0.010443431475164964
0.037064381830334725,0.010990056672036749
0.01153949079259035,0.011932192823980009
0.030312435495319902,0.009368018645631786
0.03809070346626766,0.01294813471434051
0.03353894530148417,0.01158476476575197
0.041603418195614736,0.009242883148087255
0.03524540765000943,0.01183072802808272
0.035112612115197596,0.011010902568481218
0.042633062082293664,0.010265196671175003
0.011651272552339054,0.010402549853513311
0.03731006584391631,0.010145471637230445
0.005561814753861951,0.009892866139002024
0.010495150165008467,0.0012962115033746566
0.004726412643091117,0.015257760044780633
0.007696298010253834,0.012638595037094573
0.008884348727336889,0.012411922351344798
0.009957323863600053,0.008556134072805244
0.009758093379943057,0.009083267496467208
0.007976986860533206,0.015910721992763492
0.004359997685477452,0.015307761200533673
0.007923546364384035,0.015610501927844914
0.0019184208554216353,0.018090065053273468
0.006875342393772383,0.008731563020993283
0.007527918226593183,0.013578758480713144
0.010390361726204299,0.0038365375521936624
0.010701272956373,0.00884774433692112
0.0074177461252500475,0.012278847430380163
0.007323802669503425,0.013602829074470166
0.004943982371727607,0.006102696757196133
0.006245468671629872,0.007340182465623404
0.0048221881676835665,0.005424059912418828
0.005669772749898514,0.0075591317635608
0.00876767921744892,0.018838215410311034
0.004225085369642203,0.006738399255916861
0.006782980430729702,0.007864118614990787
0.008548352871201198,0.013685094753763595
0.006699269211543077,0.007676755168252048
0.017602079271492564,0.0028846965081740948
0.01713343771731057,0.0018686688695838368
0.018127636891586495,0.005484233454526019
0.017649607022420938,0.003700878182722574
0.0176273263741721,0.003713792888948929
0.01747276517332159,0.0048053214474286995
0.017198929944205812,0.003404029245069616
0.016997405104010214,0.0033452847580990133
0.017719958819637477,0.004641438000715
0.01816183123570671,0.005594479487178886
0.016550141557834824,0.003879589497921867
0.018088753476499842,0.0045079908932727075
0.018421814075092295,0.007967129863379942
0.014733660827679716,0.0006925884241767705
0.015211819316271488,0.0006807442531989821
0.015485892876091149,0.0011593894642837536
0.014964953021677671,0.0009079568802862447
0.013062152510466924,7.483568735749752e-05
0.01513234652643169,0.0021447777205828573
0.014356006650361526,0.0009710013665239024
0.01375240926658243,0.0026277306314994127
0.015362452150172375,-0.0020302963595647374
0.01523388871004939,-0.00026750481199364876
0.013793304218441183,0.0026292359824360316
0.014244722649192954,0.001985797032342529
0.015977101100885283,0.0010021973698045381
0.009037676385078732,-0.03785701114098035
0.012246933830546352,-0.05189585716115557
0.008567133282306395,-0.043181196136010014
0.010097981964795175,-0.041500958930735854
0.00660410577289198,-0.024694185688876106
0.008710157866951758,-0.03601943761952822
0.008364908133523757,-0.0352703263153817
0.01077514645582211,-0.04807613480422368
0.009822168217437907,-0.04490187347178557
0.0090799851166817,-0.03919577807872852
0.0077991234769696,-0.031095448882716138
0.008612871739240647,-0.03668833491305776
0.011408466879732161,-0.049406960154526586
0.007547770104425828,-0.029498898870807432
0.008102698184880646,-0.03545396120146179
0.0089179167415755,-0.03500160053201703
0.00905008913529495,-0.03788466672125313
0.008095450758177287,-0.019003106838013973
0.007759831927927604,-0.034395152954601715
0.008547090613385233,-0.03589992192353176
0.007685869284363276,-0.03368352542928073
0.008097639512943764,-0.03388802974135593
0.0068755421944122035,-0.016359806910567962
0.006977091291439752,-0.019451032508096374
0.007533453182849666,-0.023179650125126235
0.009520962856050662,-0.03829952792129133
0.012258283030749391,-0.006321883956312108
0.011410365823931526,-0.010343579080267042
0.014693817921688461,-0.017566261026127756
0.014681984646395542,-0.027186576102597643
0.014444979483799301,-0.016295627109258103
0.012080559325318195,-0.006226333978925025
0.014771163018637944,-0.024572884651057135
0.016329860717171865,-0.014389333743269613
0.01013522172253391,-0.0030397790455018356
0.013290139600739562,-0.01066897944277759
0.013598929682884255,-0.026040655807645627
0.014131459551342781,-0.015078583421769282
0.011806400195209059,-0.008952191731701963
0.004675399227662839,0.00041589379231056473
0.003029891844304785,0.006768179242465959
0.0038414894537681307,0.001283336213495622
0.00434702233499745,0.000657250036613021
0.005041139012126511,0.0006210993932973999
0.00369346534008551,0.0011548978197297433
0.004671497568968791,0.0004347358313871432
0.005489858836448743,-0.0010832237110698132
0.005869890619949192,-0.000755996377694323
0.004837716855434282,0.0007280345433239038
0.004944989844251739,0.002480538958549669
0.0065364179751162136,-0.00025699119362470723
0.0008460164779978217,0.005424445284401478
0.016662837784190025,0.004000402809306068
0.01639893174451522,-0.0007054822405675471
0.016463262814570275,0.000313597039887838
0.01620276951938778,0.001044097604713359
0.016391391289445962,0.001468003080214008
0.01642521089156079,0.0023599371480470346
0.016579638992610987,0.0005434047948816416
0.017092096665105277,0.0037218241855170578
0.016917916395711923,0.0014489500942164253
0.01711204539707684,0.0026628957365614917
0.016990031033793162,0.002563170300449086
0.01694034702267969,0.0010490341998418634
0.01609206690575513,-0.002081569467810776
0.015720795108295525,-0.010318286676450792
0.015634012009585717,-0.008646900648312398
0.01524817519316176,-0.007955760531924937
0.015792085099169982,-0.008347061233809419
0.016045602423235057,-0.00930776389138172
0.015920413988822577,-0.00952257848461774
0.015716925031140055,-0.007316930433389359
0.01531135107472237,-0.00843921417827828
0.013072610956277821,-0.0043342494465502006
0.01594138921340366,-0.01102283344736351
0.016155164074531075,-0.008501561975250455
0.015544737384845941,-0.007281560613487976
0.014714629202436276,-0.006934240745189408
0.004834052301611701,-0.012874622035256144
0.004837540410685392,-0.0018786340543367884
0.004063256387274672,-0.0006330259583798291
0.005611737378241774,-0.0032332753625610553
0.0043626077517867606,-0.0019385388947027768
0.004291287165796254,-0.006046597786285414
0.004355283920291135,-0.0037360036198126403
0.004547651018495666,-0.005039085568181163
0.008662696936817997,-0.0021025266225699712
0.00591800313897581,-0.0017326882347597364
0.006031181467854322,-0.001935827736479523
0.004813899411825378,-0.0019987897787374074
0.00472957196321672,-0.0017455105624400878
-0.004279780702756139,0.007555406624700526
-0.0032665708752883955,0.006012228436469916
-0.010068385680347298,0.007866328569226371
0.004557276080153109,0.008724955442036154
-0.0006873057428069879,0.010596158191264948
-0.0010246810407495998,0.009285749230559434
0.0008782855417252648,0.013881743195549849
0.0024862037310053268,0.014861413735180073
0.0015753503127037155,0.007295487361319728
-0.001037519907446231,0.006907447213564528
0.0031213119239746727,0.008712330052794226
0.0066576555693257785,0.0030866460826100527
-0.010333664815354568,0.00806782309922036
0.004629002170654245,0.006854904950746765
0.0020588296986569616,0.0007569790409457649
0.004600389173244591,0.0077609347688648266
0.003061825857485275,0.003284805914726371
0.0031825176162840877,0.0034320961293158115
0.00514444972760334,0.005252872955198132
0.004762559672233341,0.004712075635769702
0.003137233194661988,0.007651111776742847
0.0026734042510033907,0.012452572166820483
0.003951570347616046,0.0031533934862691725
0.005019419608025965,0.007844964709403534
0.0041232864031349285,0.010198943710988295
0.0037239943933381914,0.017102175877186113
0.0006069628761829521,0.005106124842736838
-0.002930340838238529,0.009435137754112796
0.0007328002993275946,0.0031629964093194875
-0.0013394022613744674,0.007042044037739152
-0.002096875556029879,0.0077378676929128
0.000713189667452625,0.005720099991700447
0.0042768952280350485,0.0023772567151732777
0.0003776154805185197,0.00559204647930421
-0.0012964694875721714,0.008832477648166854
-0.0025579763833477164,0.00802146948302467
0.0013632484272165944,0.004850813467245924
-0.00040211149513302657,0.007584347767110838
0.002466206119992345,0.0032568219482649774
0.00475069648224406,0.022123919327781107
0.006239373338286238,0.03354450055030486
0.005626925252142701,0.029711738386664126
0.005528542008180571,0.03831179756272053
0.007987797308846037,0.038597126695222944
0.007149477747189876,0.03741166262413953
0.00483137344569964,0.02363871744431593
0.00599812816767104,0.03585303402162347
0.006620872154798966,0.03372641192716417
0.0019520926422223685,0.020268066058189822
0.006415137326506331,0.033524887083326585
0.007499460188423819,0.03846990966662809
0.005273192943056828,0.03351384569108815
0.03482501584532883,0.006182983729212108
0.043147583980100886,0.008580504702053017
0.040844817239691175,0.0092541057919963
0.03941064376504585,0.008241286857057828
0.04130272225231102,0.008656591262087506
0.04006331922236882,0.008520463448193408
0.04632197921619647,0.010135189097142954
0.03690584014108806,0.006645768029369413
0.03587316235896073,0.00689937818957681
0.0329675743789679,0.004551000569123579
0.03751645688491357,0.007007820868444815
0.037278400451218045,0.007396922768408431
0.03873795434333738,0.008264401792569534
-0.07503807298448964,-0.0025840917740474717
-0.08487063376909289,-0.008981246114570164
-0.0882451846535294,-0.010633534526893227
-0.08831116652796052,-0.011171886112890243
-0.0788519109308483,-0.005297569573038224
-0.08606004310603477,-0.009180455527510706
-0.08592086042625688,-0.008965265534462042
-0.0888816910334207,-0.010864288099519925
-0.08978488534921364,-0.01166630014819364
-0.08851538402640098,-0.010711095714707675
-0.08731497415104769,-0.010254964031897518
-0.09027086086992506,-0.012118413680812123
-0.0696194453796429,-8.74089313187327e-05
0.01453989923739595,0.010618741564661591
0.015275301591339031,0.007332633296054778
0.015208610781511514,0.006409071819298057
0.015532678415065141,0.004717843545832544
0.013887093728958487,0.008616651859318055
0.014571342563278508,0.009586017350536435
0.014713162910065927,0.00939597656074516
0.013180855372737088,0.010313886053071515
0.012857459281563588,0.0103858102958419
0.014567997579445147,0.008295822755248348
0.014567796215121874,0.008959632574820188
0.015196013858159585,0.007643509824307361
0.01403528371575155,0.009998509937864972
0.019663910378486738,0.011580874198280309
0.030004532427663218,0.008945151390945498
0.031116674889652873,0.009073079615629084
0.028585036608134107,0.007897303292711549
0.029859635923465716,0.009127615008919293
0.030673940668194833,0.008431761290966724
0.035254717693583314,0.00842119591927621
0.04538060039586838,0.0043494300523040505
0.03976242537386805,0.005939483024807888
0.036454724909871575,0.005679565843105228
0.03819234141375359,0.006374603150558349
0.04576939498763615,0.006118273147782335
0.03761370802947778,0.006760084571309549
0.019194679575531153,0.002443672121558737
0.01717945415294139,1.7017245997769633e-05
0.017291803619472582,-0.0016392756687317377
0.0171935950137587,-0.0015570946801674041
0.018751357822248047,-0.0014981114030056602
0.014591183994336033,0.0007283089601352563
0.01713871875661742,-0.00016599883217969014
0.01785832143296132,-0.0032368463341606543
0.018825565686044238,0.0008925636561105541
0.018042613468071015,-0.0019970012952453924
0.01648725574105957,-0.0003616408883999192
0.01706442330418142,-0.0018366950643289184
0.016807711913931957,-0.0008013338483221515
-0.09381991685587523,-0.014602897892239591
-0.09341673893763029,-0.014739529133667335
-0.09569776814758978,-0.015836571322084242
-0.09630909720163781,-0.015662464758601457
-0.09440658368486313,-0.014768376797609069
-0.09828709318296291,-0.01677877831341061
-0.09621095184486263,-0.015524538449247262
-0.09778851360338889,-0.016534775594159633
-0.09412405584500233,-0.014194350669511671
-0.09311897408174948,-0.015266090822413456
-0.09504974183244727,-0.015530767560722029
-0.09819545433695734,-0.01697487920272132
-0.09514501173141744,-0.015404041969742268
0.014672028050204983,0.004664382604554433
0.013993433568117221,0.0043479916583016205
0.014602270114732384,0.006241348735400499
0.014583667611905816,0.0026053272337655227
0.014334022782081072,0.003369886269514087
0.014945897723435747,0.003617874713862568
0.014959848818634342,0.003293018723613149
0.014897072473562072,0.004419328761945764
0.01461036941216811,0.004175473179170007
0.014566392293062436,0.005778455289711265
0.01393918952755843,0.0027361895741492303
0.014349233856471973,0.005370809935387717
0.015500700276396209,0.003928668394620109
0.0012051873919128972,0.010594716109475398
0.006261804589639646,0.009986282785613337
0.0022149396032841947,0.011765768279220575
0.005890578280085416,0.006778117092504466
0.004722856874758117,0.008197996026282347
0.002510145525349315,0.010538370169810752
0.0032834512581051884,0.008702493377330561
0.0022579733573665083,0.010189218298177904
0.0034863218713901273,0.00817551325961228
0.006299421358694239,0.007553536227853363
0.0030986475831170533,0.009917024114612255
9.517958417511474e-05,0.011252799021317013
0.004860597109318836,0.00827128356838534
0.02212775111281251,-0.0025532853587297523
0.02771899360560607,0.0017860312274397322
0.024507818024815425,6.786010246255086e-05
0.024275177160308182,0.0012113851904947113
0.027261118009218543,0.002651078008615032
0.03114816646345879,0.00463813921335178
0.02793003613129418,0.0032097845267662606
0.02731349649838533,0.0032120468512047565
0.02786481368896378,0.002883454643002623
0.026152360942981196,0.003762698637112505
0.02707203612208867,0.0029450027483847066
0.0323898582397316,0.004705473894016194
0.028198956763416588,0.0033856310293394485
-0.014819708074358937,0.03247466786331011
-0.019199561986600815,0.028754449648381947
-0.01428021701729579,0.03219463365584655
-0.01543826099025898,0.03289478530686006
-0.016111871933563796,0.03293564864274625
-0.016734900286688163,0.03411887313573949
-0.0166404223210623,0.0323301688297824
-0.017349004268430234,0.03205650080180149
-0.020132521196020704,0.029456043145357585
-0.02014101739520821,0.02973259698615516
-0.018269369863700896,0.03233566217096786
-0.01765734589859579,0.03288940488554143
-0.01570289956595491,0.029877646378717926
0.0044898251054441025,0.010965754016959432
0.006669700450524476,0.011431378325979154
0.006865445980963312,0.01299915871851766
0.007782347242053814,0.014992241679553263
0.006076975965038714,0.011228787408516948
0.0021641330468992973,0.010763510641661185
0.007054462092791456,0.01351935265580027
0.007633295678175012,0.008308310358872893
0.009304220567681085,0.015880174825286433
0.010438883371085825,0.01105848779428763
0.00966051683965779,0.010619042455022593
0.010232523344527782,0.01176343321007343
0.008968152916349678,0.014218302934187145
0.004288908380244555,0.00668373993939552
0.003170514293871739,0.0064122782430190844
-0.0006771776736081516,0.012257153842111292
0.0017759449660102616,0.006527383396273926
0.0019599355605434375,0.005518032896740216
0.0037465027259349906,0.004886054454094343
0.0031715857923233087,0.005521695283524427
0.0016023113120002838,0.004983210307690548
0.005978686185144894,0.003079847754987567
0.005255625153766208,0.003192262765841659
0.0034880824751424284,0.00800148448781103
0.005478383225721553,0.005643365324651439
0.00289811056320411,0.004247412046277865
-0.03656266794438375,0.019603127452323444
-0.033103292652771905,0.021590796357514264
-0.0359470675240215,0.018725151221675375
-0.03989030769731779,0.01786259535660554
-0.04688462781961076,0.013772397955004184
-0.04346266662543839,0.014718425014020544
-0.03949128227720697,0.017190531761342442
-0.04922785777418938,0.011333748496803372
-0.04835715083499091,0.012626471525892568
-0.04843948190498687,0.012873799210260774
-0.03782494781917329,0.018361874003868017
-0.02424853423525267,0.024642851066635413
-0.040125384784308875,0.017187509523701662
-0.09653740875055002,-0.016729062063402547
-0.09343747493413719,-0.014979514146760324
-0.09343007531663923,-0.015717442928185235
-0.09613464239743207,-0.016680584131095216
-0.09566647561627005,-0.016725974640104113
-0.09318941657141568,-0.01561810072785708
-0.0972814151152218,-0.017269685991441207
-0.09568876535144746,-0.015766625224644042
-0.09185283983493304,-0.014781974166461013
-0.09333003059803535,-0.015495832677628012
-0.0916967825155186,-0.013758540834773549
-0.08676583563215731,-0.011516851391708927
-0.09664165759723363,-0.017121948746522828
-0.0335094873047302,0.023570253143583807
-0.03795158950665803,0.02100778320976392
-0.03415320129807258,0.022377691909872884
-0.03651824009481394,0.02148321246650719
-0.033374506386674545,0.02305458591193091
-0.035034257913627194,0.022161122692942237
-0.032914256178518064,0.023247917175919196
-0.034015692111689984,0.02319359373987317
-0.0319243799083605,0.02324511887079155
-0.032080982015389226,0.02386047685316859
-0.035730343148261956,0.022469615477599094
-0.03534172531918342,0.022052791122382575
-0.034001903832530676,0.023202601960561356
0.020583976127988263,-0.007124132159714107
0.020935829851972627,-0.0011342131795568245
0.02254730188301783,-0.000872472776759115
0.019963212932406226,-0.007312754096374447
0.02184964016716198,-0.004275761284018541
0.021216470595029846,-0.004471174025951634
0.024112650440174827,0.001305582196733422
0.022419102622998864,0.005618196753328691
0.019997929185023,-0.005544200976944305
0.020903007778883646,-0.004844040622695016
0.019238132246580955,-0.0037192746799239416
0.020079426433713566,-0.0027226283881262876
0.02091528523680285,-0.00229561024711639
0.009528398775791333,0.003223566221780236
0.009619781011245108,-0.01357697085964308
0.008516343068537354,-0.005151448706895944
0.008877180326565431,-0.0031230414524008095
0.008116088086228304,-0.004916047176984647
0.007598032076003572,-0.0024072129260020634
0.007881713908679838,-0.008906306226231914
0.005316354064632738,0.0002665021507442548
0.00868979379842172,-0.009088230664105185
0.009494657981550643,-0.013548749569728999
0.008470468073180533,-0.007965883937950573
0.009264278842578843,-0.013284847681558678
0.005650213730373623,-0.00304475550071826
0.004688799264036058,-0.0054811831237161455
0.0030202193888064443,-0.00640077333532576
0.0025757530049396716,-0.003538552243048593
0.0035994769857508407,-0.0035387140199292077
0.013526086284595286,-0.004563002748702358
0.014738233623970247,-0.009102304560085208
0.005732885996149421,-0.0023028117347738608
0.004619071148851427,-0.00760591652477119
-0.0005157998370267773,-0.0029790337284312943
0.005868909873877281,-0.004164984040548679
0.003658374113272023,-0.006756516781661314
0.007334793386515939,-0.00541499924049813
0.012723851838711867,-0.010860648839227209
-0.03603664609719516,0.0018140749472877115
-0.04008801674737854,0.0006924407619820537
-0.021211951704090667,0.005585952710652403
-0.020407297360462047,0.005391056549672516
-0.031761401481223556,0.0030884429261530287
-0.018639599520011485,0.006956666781037323
-0.03819988770006884,0.0018018274629539024
-0.02647938395387307,0.004242288174280824
-0.017177005386361837,0.006194369871529007
-0.029618642294097785,0.003633248269016748
-0.028074332849445997,0.0033919928723320347
-0.037325385767861624,0.00319656986621566
-0.03517868048508632,0.0027914369681561425
-0.0013906376410905653,0.01904401628762962
-0.0023811617770431734,0.020446522902815123
-0.003845185627573304,0.01711817109198471
-0.0015814684554173453,0.0178797663770406
0.00021615189528215376,0.014473251630549787
-0.0013418156695745326,0.016161620940743224
-0.007679445850691979,0.02396656378325185
-0.0046261621273779654,0.0231342330222816
-0.002202583596797637,0.019728980194957994
-0.00010002469171424246,0.014426699602383962
-0.0010087988708858363,0.016458122343963853
-0.0012834732817685855,0.016773119042811428
-0.0015239466561590437,0.018990259782173634
-0.08534725047776995,-0.013355982070431992
-0.0784131616351964,-0.011163434790187684
-0.08449693204188732,-0.012401674485589724
-0.08432615829296791,-0.012578154349751266
-0.08432637860970778,-0.013324190118218051
-0.08292725451104976,-0.012461905420202068
-0.08462964258677481,-0.013164980211478909
-0.08241067159000247,-0.012081146346356686
-0.06834749915078533,-0.00825879215140413
-0.07813770406892379,-0.010685778949693166
-0.08267462850077062,-0.012005513335887341
-0.08341391126103244,-0.012855598662301047
-0.08403916208586171,-0.01273550543886653
0.017042576183911966,0.002944309808578006
0.016822354650658736,0.0021856909987762493
0.016346692426326446,0.010450055050388204
0.015624208492730484,0.004029812370414024
0.01658145208606947,0.0044121042792876685
0.017131683580919866,-0.00017949809462934255
0.01694197777291455,0.00749732889539369
0.014579326767019661,0.005711850121924632
0.01696533739794139,0.004095373748035376
0.016625283223266844,0.004119179283943919
0.017058700117357845,0.003328356727706708
0.016251924819190973,0.004861649671722767
0.017584854583844654,0.007039696536785737
-0.08996960334694935,-0.014186540729451021
-0.09254096475573194,-0.015268172376828884
-0.09145358231234177,-0.014618736686016279
-0.09329240257102621,-0.015093661682076015
-0.09261829321288,-0.014749652264200308
-0.09242895138676399,-0.014557956668530077
-0.09406144638869371,-0.0157429808680304
-0.0915894218172582,-0.014898241303338592
-0.0935816774255588,-0.015437153677104876
-0.09133546234387621,-0.014603051114607473
-0.08691981275407501,-0.013161046719827712
-0.09042158112850268,-0.014664157809689082
-0.09301234230826308,-0.01514526719204915
0.02415098420744416,0.004580118769719721
0.03796986311480546,0.006681319660166472
0.036103009180888546,0.006554848079290968
0.032469007426921055,0.004163350812381035
0.033112917805287884,0.004939052745646898
0.03895123085762149,0.007212481248143027
0.037628203322489756,0.0062898350370311955
0.04238203213890022,0.01000864297382673
0.034151837916684344,0.005116458719017924
0.035804061390361436,0.006740652443864376
0.04084777558251742,0.00773249084547735
0.034367676725609884,0.0048603844487564015
0.03150304108772234,0.004450436227579585
-0.0890122132377701,-0.011037505214880308
-0.09469788954671224,-0.015275392319585036
-0.092963925612317,-0.013962404608316987
-0.09136477729554222,-0.012489238825512445
-0.09251182709755856,-0.014543545091946084
-0.09161897850207294,-0.012534534748327192
-0.08056881588891865,-0.006274858966470429
-0.09131863899344433,-0.012506972530566278
-0.09145206930201961,-0.012907256187630223
-0.09246617079362063,-0.01349462633825362
-0.08844511300357276,-0.01108245276342383
-0.09236772235922214,-0.013385697880757188
-0.09282179239224231,-0.013865682523010743
0.015685229533229744,-0.009818544559776344
0.014072957266942868,-0.007513503240703124
0.015594267441895697,-0.005651265841891192
0.015621012563182704,-0.005528335140396936
0.015600566308747439,-0.006011075915087848
0.015473334993240192,-0.005333934012389409
0.015010678319493676,-0.006810094705483795
0.015025434044141974,-0.008982623070422366
0.01497676836371515,-0.006239144879569301
0.015533160319124117,-0.013720131450126209
0.014910546379172423,-0.006996326400854001
0.014043144782899347,-0.009591618744585742
0.015335705154282364,-0.00386657693156385
0.010101278081432642,0.017195601507374845
0.008808332141440386,0.010716456633577539
0.009888253914376954,0.016086263364894247
0.008138871894688766,0.010291390284443858
0.008775751849874657,0.015033693260243586
0.009529415221272673,0.016719843016808632
0.01031934760618392,0.01631369043622372
0.009010077245679576,0.011426801990419002
0.008489637571858116,0.009596071498267161
0.008782505084823084,0.016843815816010424
0.007884424134563901,0.009661026974413707
0.01025144687979987,0.01803952859132282
0.00823878142662875,0.014020911562281297
-0.026434573264748584,0.006840379604042133
-0.016462730247553115,0.007086974084073298
-0.014572176998246275,0.0067081273837441046
-0.019470111910898348,0.008308786672881303
-0.0242676945742294,0.007190708770546769
-0.022014571465002054,0.00957370757993601
-0.013611727755086319,0.002733152060186427
-0.009009623219866003,0.002682309319010297
-0.01708192176317796,0.004454601957371096
-0.014909152443760102,0.007955448744738775
-0.003864014586844765,-0.0009208198336624155
-0.011908400805170005,0.00540481661673073
-0.014312140956653011,0.00546664617263399
0.01132083211527994,0.00568781503090621
0.003792281030940792,0.001842118282756923
0.007664285775578211,0.003968534291164167
0.008932176451754432,0.007251627476551834
0.010218278661002327,0.005852839951229287
0.010932541777678795,0.008963282467743784
0.010702698530824699,0.00608315262526971
0.0039115254580305075,0.0034356667976934174
0.010071621190520158,0.012727288137232997
0.008287594344693592,0.006362764323756574
0.01064165231990354,0.01105306692767248
0.0103256538508714,0.0064427969393424595
0.009126066637203249,0.010393505352677676
-0.011175190716146735,0.02041659232226033
-0.011995052221385258,0.017241466445073416
-0.017179390577520444,0.01881643666426777
-0.01091243662384895,0.01860895164125365
-0.0040725433518379005,0.014043392345050858
-0.0069545706308096695,0.012110491762797576
-0.0067511310929998895,0.014595460014589804
-0.009181562919627888,0.015344309237697381
-0.009069358382673164,0.014303823436220444
-0.005493160235796297,0.01576008966028329
-0.010540454422867785,0.015384922147915252
-0.013219477785013981,0.01683194808244031
-0.014421566244651874,0.02109264923356817
0.007595311259847319,0.03463092519170629
0.006907980995735725,0.03112478042928376
0.018967517283600233,0.03496262606304356
0.021609895918618414,0.03675687353953618
0.02025452462784069,0.04067014665673289
0.005146964543987194,0.033814904056249186
0.017471336444837622,0.031374159859123785
0.020203221448996042,0.04244859269822321
0.0120429194880383,0.020575354881922713
0.016517881982718512,0.0350972124102873
0.016597744256695815,0.030453467661321024
0.018817081938206956,0.03834766546663439
0.01846169357755969,0.037179815244129465
0.011025248151541434,-0.02259758602175012
0.008604161272143649,-0.011524919074674605
0.011874280100311255,-0.021731838999097152
0.012171782706121263,-0.021724582409658907
0.01179039336103813,-0.021687959900569792
0.01151847934695419,-0.02141381893418354
0.012233884634450331,-0.02159377121221792
0.011742119723011592,-0.020458482320502725
0.013195504528219791,-0.028057968558938925
0.013109342445155726,-0.028570164067505763
0.012075232411660195,-0.02230266368306423
0.013459558297276315,-0.03363015793532745
0.013268350916166214,-0.028184514929556224
0.007715063875423635,0.013057576395928272
0.008437549454317649,0.012688256397884859
0.007854721052053646,0.0116856415930688
0.007837662188503588,0.0202208466627493
0.007895857477154438,0.01084715913239696
0.007258419603005034,0.010976025389016916
0.008695274879195523,0.00987568354739535
0.00797179366136464,0.012834927213882526
0.00844698949769555,0.010911074486727592
0.009101066089201155,0.011134641089426432
0.008845631947146545,0.010461139828741507
0.008332811157598825,0.012844495087073787
0.009174415032916241,0.01067692353636481
0.01458397840250994,-0.01628207259534877
0.01323124119262672,-0.020394100574746304
0.014447341396380573,-0.0222177345145576
0.0140913557518412,-0.018259351823787635
0.012169533427222485,-0.017827764425124674
0.014397683693901634,-0.01601159047396167
0.012871070429170938,-0.022973885508159975
0.013318475225252237,-0.01685803858547109
0.012852203362144852,-0.01622290479926995
0.013851962123357181,-0.01932470194993948
0.014618932238048866,-0.011013533650410126
0.013114670715192867,-0.02175997947848342
0.013601534960583693,-0.021830707291718914
0.003583134923487825,-0.013403226213809146
0.009259694344717254,-0.022972445040403175
0.010201473460703924,-0.02254258504908476
0.009195047112578549,-0.028851656930629042
0.008734675554244677,-0.021329137676852954
0.0053482109521919225,-0.016054952705719903
0.010010291274593968,-0.025507556761703173
0.006349640306772386,-0.015106337634771743
0.007677375710239592,-0.019596117856758417
0.006699307873807893,-0.019654334212781552
0.006267418104240131,-0.018135331774185557
0.006896748791511698,-0.017695970944510593
0.009237742355050312,-0.02154461843004891
0.013734166532514582,-0.03630037772587994
0.014257466151923389,-0.038199347721451046
0.014372370232860992,-0.04051875027797445
0.013684631763436943,-0.03730052984569036
0.012866511829766742,-0.029084844594381442
0.014268880747454266,-0.039694334266380825
0.014744492901527451,-0.04179148194475831
0.014992365803027898,-0.04002515990562815
0.015165135511678774,-0.046807365732195794
0.014961093892370677,-0.04615394386101476
0.014432889814453193,-0.043022330409216644
0.015252216708784988,-0.04755955171056065
0.01375150737172297,-0.040471556750720776
0.015280144871587801,-0.018073111042932306
0.014428450519371541,-0.025880022110949908
0.014107201321309907,-0.021420339728578052
0.013933251431743844,-0.027202717281995532
0.014170702248326424,-0.024715030219116453
0.013978567919118189,-0.030255593491203277
0.014236778606457277,-0.027368636785408143
0.014394838738438644,-0.031042168451450084
0.01421354035179079,-0.03158604828444136
0.01426017894119531,-0.021463158853469975
0.014834745637502278,-0.019602144803549902
0.014694897031442798,-0.026311767663359544
0.01491081284534502,-0.025762575862165224
0.014041274919936264,-0.05304423897142173
0.014343935793249146,-0.054965930598796994
0.013747631607226854,-0.05231538136282505
0.01406690599099595,-0.053330199263767544
0.013900319793091679,-0.05425595918512725
0.013591725123079074,-0.05200969769058782
0.014074435178482742,-0.05411701665190746
0.01358050905074258,-0.05263522864079124
0.014022440830951872,-0.05447985005932125
0.013851150606492666,-0.05362562458108823
0.014173731480140981,-0.05488397365927609
0.014132858992775724,-0.05524877865462513
0.013499248763190039,-0.05118979993531278
0.01886869452189689,0.001284138314897954
0.02514887764055884,0.004258371789148097
0.021545338699748583,0.002978665444639057
0.017999803267446823,0.0010520997444244888
0.018647045459501594,-0.0006662254698756033
0.018700568273069443,0.002216920478276744
0.022582911588913648,0.0039897862158988825
0.020532207440408984,0.004640730676606306
0.020503738535234153,0.003365691574191755
0.02486497257075306,0.0034821259112467733
0.022221149745867013,0.0014277196629587231
0.018982627075393478,0.002691276351351356
0.019224917917856705,0.0005274878130735647
0.009331481796679777,0.014998592939667137
0.008031925088422641,0.016630390775013236
0.00819669235710155,0.015920197454983125
0.00647947794353558,0.015835023699563733
0.007406258521560493,0.015652155293148
0.008428374402051363,0.013172027764523551
0.0082979795844436,0.01705662112677365
0.004217059358658569,0.023800849110608275
0.0038144384589056555,0.020691367767351206
0.005756108178451707,0.01950563411682235
0.006809397516927406,0.014586332676696788
0.00588470390312626,0.017803452175121852
0.007298939875056748,0.01681783030213136
0.0020353915960810514,-0.0011156286467229161
0.004326131192972067,-0.0006563984825198924
0.0046340394007215475,-0.0020171952729516767
0.00015618159110167978,0.0032348855514759828
0.006219696064164127,-0.007499329055841631
0.0038239965735440765,-0.0032445788629935288
0.0011574170755546903,0.0007319776042427886
-0.000812778730836702,0.005963464648430457
-0.0010883935604403885,0.00560428334401579
0.004233637084331873,-0.003040706841720274
0.004048410324787952,-0.001838948214611228
0.0030250529139919,0.010766981274323996
0.004411910130875253,0.0014281359645873203
