"","Comp.1","Comp.2","Comp.3","Comp.4"
"1",-9.8378169034939,-4.38890866116544,0.200635537747546,-1.30683194641404
"2",-8.1061106042975,-4.53740140798208,0.91620086390528,-2.13799410204499
"3",-10.3757848969255,-4.21065916453687,-0.025857159976385,-0.194338067232114
"5",-7.23559134861407,-4.28327132212363,0.666084657764163,-0.907130492123805
"6",-9.20061980459603,-4.55447783781008,0.677049615710768,-1.74472890940314
"8",-6.18699154022564,-4.53734251566871,1.1278372223728,-1.65562744937506
"10",-8.04698409370755,-3.10633253578673,-0.599520638515515,-1.11723204735851
"11",-8.3321582600826,-3.6545706842129,0.163200240421609,-1.667284104538
"12",-8.70844511358761,-3.89398923621232,0.128034954138941,-1.37520857213457
"13",-7.66810203606388,-5.10693318639087,0.330483182919827,-0.242698098583629
"14",-8.7647450346083,-5.02496749375772,0.676060533396558,-1.25778956867496
"15",-8.91999939435461,-4.05784086729879,0.137706033353459,-0.550011390574704
"16",-7.83397197768322,-4.42287162419398,0.569518809411761,-1.18349644715249
"19",4.41455274670312,4.96142789783848,0.63804338062532,-0.897652221427747
"20",10.7049907582428,4.73222657564035,1.48226732029501,-1.4997940754386
"21",8.47401591237341,4.53473330035762,1.07472609921597,-0.79303504850325
"22",7.78824704355342,4.5559698742455,0.071813827990976,-1.56623475798395
"23",4.02136632548654,4.62144071989951,-0.943275575578547,-0.038855652958827
"24",8.53416633239069,3.33737381435263,2.52819002636926,0.128247382030271
"25",5.06697919684154,4.11950906171878,0.583155604255291,-1.20120784616151
"26",5.18882448402474,4.49294173648392,0.804418156219217,-0.830132655402321
"27",5.98552694822695,4.64598921776272,0.0344800899615659,-1.33937310227311
"28",9.67582415189976,4.13578660834926,1.96325645551849,-0.758608322261951
"30",10.7047587259126,2.78305657696646,2.12634058743792,-0.0120751943362271
"31",9.02720664239916,4.04623385627769,2.61288043462678,0.224100033433022
"32",7.80489868476275,5.20551125486674,2.0936477636065,-0.735881332557393
"33",1.46842093510442,-1.48352608447464,1.38129907058313,-2.7577436155115
"34",2.82144506878139,-1.44927072686445,0.460858699209597,-2.03608943544626
"35",2.42838039750039,-1.62396354018606,0.886447735885499,-2.63478495637303
"36",2.1123001766973,-2.27046049023595,1.08948469982915,0.308333945333343
"37",1.07029201449364,-2.71959232523604,1.38132288364439,-0.182313585677115
"38",1.32767849468426,-2.31888977002265,0.772315619207423,-1.39673054806234
"40",1.86246427451977,-1.87180486419685,0.845840752713643,-2.193625881734
"41",1.70239619990097,-1.89058182046174,0.431603572095748,-3.62426077540864
"42",1.4975520785427,-2.05456280749363,0.99780686232583,-2.55044384697871
"44",3.23728314253254,-1.1291394267843,0.0705069441066448,-2.91042483236946
"45",1.11116094186051,-1.28438781616752,0.733105994016113,-3.45235556405301
"47",1.18138490910514,-0.532130047076173,0.541623868056886,-3.01339746382409
"48",1.27028049374884,-2.34016014756131,0.666848836269751,-1.47533691917088
"49",-9.04343958925855,-2.97642511421297,-1.71821154028914,0.393778992782416
"52",-8.18473342436185,-2.43536885527587,-1.78806905571396,-0.323807651885467
"53",-8.58887205060513,-2.15447662143336,-1.69981796991953,-0.78625631980949
"54",-7.52705413127399,-3.01323097194379,-0.731011359325597,-1.77065701103647
"55",-6.91284491965908,-2.22506579409465,-1.44587296090314,-0.626942207502113
"56",-8.86065047299588,-3.25282158987736,-1.10663502363484,-0.060830159008623
"57",-9.10310855791539,-3.39682088163169,-1.34020016206278,-0.0462842637507403
"58",-8.50952360550433,-2.69546922300564,-1.60128744411941,-0.429422138232682
"60",-8.84002274260656,-2.35066467016982,-2.1015502280693,-1.01077606793865
"61",-6.57490242528579,-2.96389953299379,-0.889830885787024,-0.264525140069875
"62",-7.86271689572241,-2.269868262861,-1.77261058908072,0.296796997126301
"63",-8.45015976433487,-2.72246142444764,-1.57335086916197,-0.746234279289534
"64",-8.26202404860972,-2.2502636568248,-1.77311559994868,-1.12398171850455
"66",-4.80561943094526,4.04504505002943,-3.66671703514488,0.122967665681114
"67",-6.25621604622985,4.68689068783524,-4.4741147791443,1.01892667515671
"68",-5.78073728882376,4.28583300866833,-4.10492444846125,0.0109847842385446
"70",-5.89668321781573,4.08597579105672,-4.53402384967683,1.58521177081736
"71",-5.93576647651306,4.58964753545664,-4.4967890920688,0.645461551911771
"72",-5.7947581428077,4.4938354155721,-4.38677115126065,-0.766945707493267
"73",-6.56809551196918,5.23224387852112,-4.79496931768261,0.275811699996411
"74",-5.44954443439029,4.40709685222469,-4.10063257541104,0.68636821948881
"75",-5.05292621532318,4.28395540885498,-4.58921585694199,0.787079348331599
"76",-7.41133451758663,3.68385622815148,-4.7297369767873,2.15557692157373
"77",-6.28141282434426,4.18636677493687,-4.92506788873064,0.855391602794978
"78",-5.24790191893008,3.42851252042205,-3.90362806830352,0.0423914928529258
"80",-5.86032517718862,4.51407991283356,-3.89321230756945,-0.0934036191098815
"81",-10.2555398114602,1.40191652745005,-4.88356691877245,1.35475766841726
"82",-9.67092740524088,2.11628956487804,-5.60572442656505,1.9210928965127
"83",-10.1486666688975,0.358273689371087,-3.97152731378803,0.356735914244284
"84",-5.49760947122373,2.18239532796356,-4.72179522115938,0.279968425263565
"85",-9.39560525693342,1.54053186555577,-5.29050014328769,1.14133003452338
"87",-11.1222042114135,1.73320056455294,-4.81991081025348,1.12817939518709
"88",-8.38028403974026,0.259639954809582,-4.21331187510554,0.596106768192283
"89",-6.13852489042709,-0.553186390183405,-2.79003727172184,-0.356285582120911
"91",-7.52449026313262,0.903352187557824,-3.87352704056196,1.4841689947618
"92",-10.2335291268485,0.697438294010995,-4.90059037657812,1.44891474038091
"93",-8.02164623032365,0.722806800991336,-3.37972695239312,-0.494925851611969
"95",-7.00165276180392,1.97601527537592,-3.3762152171509,1.12725146066171
"96",-8.56168865954975,1.65310968859549,-3.67827450852247,0.647789444328982
"97",-5.96186012156453,-5.90068243270229,1.37702179551831,1.30375819390291
"98",-7.38927973693294,-6.15879708741006,1.46359961557758,1.54928953791842
"99",-6.4947226035129,-5.81502656776118,1.16722722293085,1.7157460950322
"100",-6.36238659259004,-5.78025144854139,1.22872912847761,2.32750046149739
"101",-6.92429882444837,-6.16703021974406,0.668002824763591,2.90497303243628
"102",-7.30447113104887,-5.57523799326652,0.99758624308005,2.81512361830999
"104",-5.01019746510253,-6.34796047457743,1.58175993391265,1.30875874752784
"107",-5.07695743266725,-6.49861845363986,1.98842329983368,1.3451899853637
"108",-7.50570373128263,-6.35931347580927,1.06041590126329,0.627900540139577
"109",-7.44187034621626,-6.31109927094881,1.09453950152377,1.09981525004137
"110",-7.49610938050504,-6.14924013419661,0.88156932399672,1.5431433168074
"111",-5.61512945391582,-5.92285167063987,1.08491750222257,1.58659815349967
"112",-5.94727517784712,-6.35378348974564,1.63012682974886,1.17718857981469
"113",-9.44447490065387,-5.75147445742234,-0.118282315656402,1.62444559905395
"114",-8.58816409545717,-5.20619870295479,0.159580411418884,0.667652120315616
"115",-7.48454271239278,-5.85626294302465,0.566598586524018,-0.208394380665865
"116",-8.75031480385357,-5.42415153050242,0.00967671026389733,1.17908672929119
"118",-8.69552491662302,-5.54938211356487,0.600150396203803,0.37237373249823
"119",-7.43836489879562,-6.19149577300351,-0.041401655802482,0.343689673582767
"120",-7.41582276445349,-5.91853378927741,0.349775657907471,0.58885274701153
"121",-7.89944157389793,-5.05594673920688,0.437798638744429,0.497711884385318
"122",-7.98365154648685,-6.22484964338344,0.650318164078179,0.648489866952623
"123",-6.13309857224977,-6.55296694082429,1.13359269230883,-0.580846809949273
"124",-7.43071781162528,-6.30185865487757,0.497258860602325,-0.103597438574041
"125",-7.40351066584469,-6.45345449393347,0.662928615960823,0.786275427278762
"126",-8.77244014073366,-5.46776230184776,-0.604025201500713,0.783900388662547
"129",-12.9834057742891,-2.75970515919435,-1.45180489855555,-5.00965751014386
"130",-11.3367724455482,-2.29006951436108,-1.94239343725055,-4.54988157842538
"131",-13.9425125627511,-2.33931289335702,-2.20104551545796,-5.90704073611291
"132",-13.6535452331789,-3.58475429546225,-0.956342487768334,-4.47854031625179
"133",-11.958149050499,-3.71661000804232,-1.0805877289594,-4.92315388762368
"134",-13.7076246583707,-2.96708043127773,-1.24899916311621,-5.72425951766885
"135",-14.9290882629033,-3.27033295165969,-1.62245748486474,-5.76085318071605
"136",-10.9547253895811,-2.72224257586533,-1.8133328629135,-3.54748821683608
"138",-12.5853955081027,-3.81029811449115,-1.17027051597843,-4.89953965773924
"139",-11.1763372439924,-2.52813823653592,-1.75511881741018,-5.51425969764029
"140",-12.6653792522007,-3.28930338962792,-1.43005259822714,-3.04794534479726
"141",-12.3832645593888,-3.72066298969557,-1.25355547591453,-5.56583371104388
"143",-10.4923026480195,-2.23788417215296,-3.25563695301791,-4.49393222931597
"145",-3.48348008540996,-2.5708108222553,-2.05319982690895,-1.0543723039631
"147",0.891622390312229,-4.65578601103583,-1.29888882680671,-1.05253390946693
"148",1.32563885554609,-1.25181525213847,-2.54609115083304,-0.875995159903295
"150",-1.24402982470304,-3.47121781562528,-1.52225266593673,-0.681332976615677
"151",-2.03253546487732,-3.68041122403997,-1.69686307393819,-1.89482917847609
"152",-0.101629989374501,-2.99869327622128,-1.94312401759928,-1.8472778234728
"153",-1.27205225880642,-4.27224512021358,-1.00892564039066,-1.34705434022043
"154",-0.391990703297069,-3.52262824861427,-0.814438324014897,-2.30508415848574
"155",-1.53169374202347,-3.70482108880026,-1.41718735299825,-1.37894593503301
"156",-1.34502881426122,-4.57335653448247,-0.753915847763979,-0.857339484264912
"157",1.44218320282757,-3.83135893381923,-1.40044044394509,-1.70874409593269
"158",0.0100971523717553,-5.68083330223284,-0.306270747575841,-0.301740399950676
"159",0.30674777198461,-5.2516998055428,-0.856420471873037,0.27917944454212
"161",-5.66961250776516,-6.45082935737847,3.15150554684567,2.63154584283725
"162",-5.89071123356309,-6.63532226867467,4.02553553875249,3.26374545495947
"163",-6.3187169481689,-6.98658999060629,3.20249032808603,3.26684946845489
"164",-6.37690073927536,-7.00773921138172,3.23283984646214,2.89982347284666
"165",-5.10539759814045,-5.98752791744505,3.613868760087,1.90001732812811
"166",-4.94322377443701,-5.75730208168281,4.13775901400071,2.3661201011228
"167",-4.33431338792296,-5.17951659661243,2.55152099260462,4.10118590404186
"168",-3.25428781160682,-5.11207303422049,2.63354088073612,1.82279814595439
"171",-6.16630045426077,-6.10131108357542,2.39132089039251,1.81874849541408
"172",-7.24383050194168,-7.21621308121922,2.77822690991306,3.00806378019476
"173",-4.71924383037963,-4.7742175737667,2.73707235715497,1.42126261210165
"175",-5.87151769377454,-6.50145728633371,3.13644119101152,2.24889829961146
"176",-6.12720822883302,-6.42926824438121,2.93250003810337,2.59883586944684
"178",-4.19227871497295,-5.85449618850634,0.0744779819713681,-0.974961730642717
"179",-6.75742809101906,-5.5770629249102,-0.0514192541388106,-1.72058988275928
"180",-2.9060013345015,-6.85484407145739,0.327347269073281,0.0623640982081433
"181",-5.17430925662254,-5.38572796178019,-0.461634702644613,-1.37135814912201
"182",-4.69840354755735,-6.37676169468158,-0.0293896644868492,-1.71157080173345
"183",-1.90444018390938,-5.35677730981418,0.283497814237376,-1.98625978702248
"184",-1.97238110381129,-6.06049569291844,-0.845322967470885,-0.223788245760727
"185",-4.72143987450132,-5.95810585068169,-0.2459981540862,-1.77884787575303
"186",-2.80863953091924,-6.31789294169923,0.985973047632151,-1.73094383177548
"187",-3.68067193920025,-6.02947761142097,1.3218021236832,-2.76723450863189
"189",-2.45155541783649,-5.80776909671577,0.237344101999217,-2.53821139088966
"190",-2.23065916129779,-5.79457047359569,-0.415983371671782,-0.942562330126605
"192",-5.09010279970417,-6.32207754232051,0.18314845320516,-0.700752675150173
"193",-7.12610971434736,-5.34000968212073,3.12758204284754,2.87872580475969
"194",-6.61566778799855,-5.34303865824175,3.57889942482476,1.00592566426257
"197",-5.00550592064134,-3.92506555449938,2.45903881561793,4.41302285566931
"199",-7.69037560168542,-5.22698558707299,2.92866270811802,2.57698458289748
"200",-4.35126940290744,-4.84499250547028,3.44850730198719,3.35917352218853
"201",-3.44215545527648,-4.05814854965737,3.66226529788594,3.87878385462461
"202",-7.538557251252,-5.12042543590946,2.24937396943,2.53905270133356
"203",-7.5478812434007,-5.77850719515825,3.02345504604803,2.68163428677531
"204",-8.28259960422126,-5.61369051385905,2.78802915496015,3.97923861844137
"205",-7.35669679684411,-5.5418006634897,3.24406160970406,0.399605431061399
"206",-5.23897384448501,-4.3488037329582,2.87919218485408,4.38517402282615
"207",-7.73078077927591,-5.45601779438026,2.6041307273305,2.87800468975111
"208",-6.03207995372001,-4.36943864465202,2.95783568216556,0.872759320529895
"209",2.20677752888876,-6.94354115787791,1.92251025029859,3.00192727376299
"210",2.03561516203767,-8.03592010418414,0.85068437299306,3.02742692561908
"211",-4.62992467028674,-4.8183410599986,-0.807304681087473,1.08458882748189
"212",-1.40034388543575,-7.7698814169563,1.67710247808149,3.53577821588834
"213",0.969748473035945,-7.48684017258999,2.74937482910692,2.59071174723296
"215",2.89019245447096,-8.12337095945122,1.92122310231897,4.10981637011883
"216",-3.47160939459829,-7.65765968565159,1.29323826760654,2.47995755963052
"217",-3.70302901356647,-7.09859751128618,0.814794773063904,3.76330849170256
"219",-2.03923675304202,-8.74894804488648,1.60602732434842,5.16017619519844
"220",-3.05306853494505,-6.98838987905593,0.625358329283352,4.28120517218348
"221",-3.21027945310349,-8.17814006551373,1.69845963806902,3.54953229837608
"222",-0.391225758592492,-7.68797305874074,1.47758745418144,4.19902190208401
"223",-4.28137913081067,-7.00674443217791,0.795538156011634,0.694791564353921
"225",-6.69720832036719,6.3331289657839,-0.999817965142162,3.51395195131198
"226",-4.81469314332586,6.6019646225389,-0.176796243850306,2.80434964857334
"227",-6.95555237998168,6.20838270929184,-1.32019105222868,4.18276459439616
"229",-4.81975937848584,6.50208734015672,0.498913416558584,2.66361458599914
"230",-5.68086612999396,6.93051037863893,-0.497897501914541,2.69017597033835
"231",-4.08147539706703,6.54345774087601,0.349840757473562,1.5379446484607
"232",-5.22773063532007,6.66498855071157,-0.300626896643337,3.08962757255343
"233",-5.39037295824544,6.90060684390593,-0.463774140820902,2.45918546154009
"234",-5.08592585303089,6.74185211100733,0.200936785704555,2.52398443420737
"235",-6.19268503066864,6.0587699070336,-0.997197380766468,3.10175742671864
"237",-6.15531050925967,6.66741508405131,-1.18440160998256,3.8315988090398
"238",-4.37476374125128,6.70300247334911,0.36026934227388,2.34927717381553
"240",-3.92984794685334,6.72913881913483,-0.239008861087669,1.71453796711517
"241",-7.95427511200942,-4.32950324648671,2.42478299712354,0.588755506981187
"242",-6.58931119875591,-3.54884400829702,2.16148426810318,-0.197589704735498
"243",-6.57631741351624,-4.27934270984451,2.83657154509571,0.825158289693249
"245",-8.61545706326794,-4.43418686807875,2.1644085558674,1.26434348287556
"246",-7.01786762735216,-5.3591608140515,2.8797939022004,1.08682147677253
"247",-7.19988342815909,-5.07952115378192,2.9449285068084,0.121864438430701
"248",-8.11747141645228,-3.10186523102779,1.74869893944141,1.99598333771247
"249",-8.36471690583197,-4.22313135835314,2.30293100144279,1.34457236067138
"251",-7.68236507065197,-3.23663030030729,1.19294455027934,2.2794350277022
"253",-8.38844522784996,-3.53262136976915,1.68085305762366,2.32566050432725
"254",-8.26076541110095,-4.08907449260615,2.04203739356083,2.24634309239566
"255",-8.58753669524931,-3.74833827066385,1.98712104937828,2.04953691701096
"256",-7.5164596312207,-2.90784803910912,1.53859675899248,2.35373839553683
"257",10.8540060772064,-8.90112337787271,3.29672178797564,2.38665186964758
"258",10.0065848974223,-7.68015233613506,2.90400789138855,1.49744775881341
"259",14.7515240019731,-8.0747533524095,2.84009286898066,1.05046964515581
"260",13.5523019956811,-8.97942371233548,2.9442536876949,-1.94017684145673
"261",8.98395449833146,-9.18832274098779,3.32765633045215,0.765980390112971
"264",12.4654817875279,-8.78272143130638,2.4951205647598,-0.354400800968196
"266",13.8741583926475,-8.99945697606558,2.47943463506137,1.26343046590684
"267",12.6002770668843,-6.67658623424895,1.75433273762302,1.57394788000487
"268",10.5672706847295,-8.79468242270482,2.10434740316788,1.83983246989642
"269",13.2448683487503,-8.02870416181247,3.49775314787908,1.54327229262338
"270",15.5185590218132,-8.39291696994526,2.34157528852604,0.842682323291367
"271",14.5035914730346,-8.31827669548338,2.75017023783827,1.59597006704816
"272",13.4716877450618,-7.383991457193,1.86232393890938,1.45178163009244
"273",1.77007586153612,3.1380476824577,3.3299114135729,2.23114164520115
"274",-1.75174066476324,-2.83696971257456,6.16356764490677,3.54931115572337
"275",-1.01628553373168,-2.4501044684031,6.22310561726415,1.10065542243922
"276",-3.06929549971463,-4.76014679964681,7.61589487074482,2.23706516837908
"277",-1.81515038779927,-3.01858639571463,6.71812023621767,-0.0907367481543958
"278",-2.08743756431708,-3.44939542152072,7.01628075158041,0.461447059465289
"279",-2.20328931972419,-3.45615968100314,7.1847988710793,-1.56431106528313
"282",1.35144489867655,-0.833331837179078,5.54229867117248,0.31149975263034
"283",-1.28338191756156,-0.00860658833971395,4.09787216253644,7.01660817099159
"285",-0.368367859299267,0.542855536322289,4.33048440352825,1.33580521822334
"286",0.99158136102946,-1.08435903774191,5.49595185634998,3.28477652704049
"287",-0.603320742651803,1.05568968831881,3.93464333210114,3.98057948856055
"288",0.351724116027627,1.82639090144885,3.38246838854707,2.5776088543574
"289",-8.05579050220663,-1.72955210353005,0.952147309582947,-3.08458114427503
"290",-8.94729517887107,-2.78171277503953,0.542058007181317,-2.54056266543274
"291",-12.9308282507755,-4.9611914723459,0.511256449629251,0.744935648482792
"292",-12.0274737169638,-2.2312537025612,-0.268554304298765,-3.13944289824955
"293",-12.3067573871303,-2.85316360081537,-0.594977009593229,-1.8883071890414
"294",-10.9554416077492,-3.19990946756092,0.204218830707798,-0.883461051660822
"298",-11.079320973234,-2.38005529370599,-0.134353275565475,-2.18535503280539
"299",-10.9221527803469,-2.94222684267771,0.732929505077528,-2.14995646747007
"300",-11.6447690136495,-3.13807316926857,0.0955755480767677,0.931692353268128
"301",-12.5274533220185,-4.23594916482348,0.415627639900631,-1.54967391801069
"302",-9.58452375578678,-1.64442468568662,0.0324935302969203,-2.16621287267387
"303",-8.55287725796159,-0.125213901094042,-0.350110124376803,-3.01630342076296
"304",-8.8249188145542,-2.37930465493121,0.556071974449897,-0.980382697926363
"305",-2.10112473592282,-2.65531644883778,1.74028576968955,-2.73277811923554
"306",-1.8267636039468,-2.75168954519112,2.99868923194273,-3.06364188186204
"307",-1.86165960801386,-1.89904504191718,2.53341791859075,-2.95301497839328
"308",-1.66435486709324,-1.25346336501163,2.2085257370335,-3.42467852136125
"309",-2.18795703341778,-1.68967889497438,2.31218750214655,-3.0944639259381
"312",-0.520205313702169,-2.38995063790387,2.86918406542423,-1.91917329603176
"313",-2.30489341641834,-2.39203746163265,2.31658910739133,-1.46671050767458
"315",-1.83539292757747,-1.77841088875956,2.44764567926607,-3.28787360117043
"316",-2.41107976597389,-2.85633114993397,2.00274847645651,-2.58688594458134
"317",-1.24102400072844,-1.36118441218098,2.40125655690091,-4.04849249907669
"318",-2.61041046516636,-1.62241275226333,2.15228551920878,-2.56681866842666
"319",-1.54213976374068,-0.79808168718386,1.84827366332455,-3.81913225333746
"320",-2.3314839509421,-3.82696678027172,1.94926739795171,-1.69657512459361
"321",7.40101658627479,4.00715385320953,-0.931033559223166,-1.77072464831288
"322",7.37960034533553,2.76447012956486,0.0503303824059231,0.149093511148808
"324",6.88842072521688,3.92424649959323,-0.370387244450516,-1.63322280062411
"325",7.27061411651788,3.77277589040688,-0.415712965096481,-2.01835986153217
"327",6.6821412097437,3.3320025024938,-0.0373657756816712,-0.484797678593736
"328",6.93404669592125,3.27899856236352,0.218269122832064,-1.63095827405727
"329",6.76983459936182,3.58746239221412,0.272451507206471,-1.58241451483121
"331",5.30389775918061,3.24670155003482,0.468533717283556,-2.15308787746798
"332",7.56783000101054,2.32125953271862,0.397216623991773,1.29671215590099
"333",7.12332290282378,3.93940923393166,-0.352741751621236,-1.76137066793616
"334",6.83842012702813,4.06155377625108,-0.279207583777401,-2.26700821982541
"335",7.18761479699594,2.94718859663938,0.575074455533282,-1.02167617992682
"336",6.56703515727638,4.39751415580238,0.0362307381207096,-1.66935791641271
"337",-1.35796614963767,4.90887276259873,-1.32304100912191,2.75612104467801
"339",-1.68744070427489,4.00797155040383,-1.2061625845449,3.68045900963403
"340",-2.28712419610516,4.65472127775666,-0.911001801870698,4.62618726877258
"341",-0.661014539948231,4.99484279587058,-0.162337424492157,3.15289051125858
"342",0.0772809393410591,4.46071242238985,-0.0175806658286247,3.65194977678637
"343",-2.35083642338908,4.73576760166815,-1.34292562282989,3.49536859116936
"345",-0.740811909295796,4.94788413030912,-1.16537065513919,3.01393874897715
"346",4.66079740953601,5.95320873155405,1.1534064151971,2.28117724678293
"347",-0.297303054150308,5.7306746211391,-0.430809413077605,3.02227691964408
"348",-1.15878341730248,5.48114375691066,-1.16155643779824,3.08600373647855
"349",-1.59491163944472,5.32286947664965,-1.55467903816997,2.88612168951239
"351",0.360493361655739,4.90097631202422,-0.932606794139149,2.67840872524265
"352",-1.2295896036266,4.63886051488609,-0.759899213469499,3.32593681935734
"353",5.26875079954819,6.37993628098345,-0.304959704469231,-1.15796480856027
"355",6.62524046256375,5.51042426059088,-0.855371735292771,-1.90465587505218
"356",5.06790765912857,6.86007692727504,-0.61740527966501,-2.91842296851402
"357",4.6690432309156,7.40598810168835,0.17036228679169,-2.61087612066196
"359",4.97167533640087,6.89499734242278,-0.510945767113509,-3.43712207688022
"360",6.2459684403996,6.0426283518369,0.105419119159194,-1.68600534078505
"361",6.0126950884599,5.92430399828024,0.382282567196069,-1.24540241832192
"362",5.14158129551764,6.46569510311739,-0.0332924461291026,-1.7763748096146
"363",4.72862586030124,6.86049441356961,0.0509755797877629,-2.12036943234928
"364",6.46102521350714,6.28184609149233,-0.535955811940589,-1.90290774310164
"366",6.41344603957322,5.57853065201806,0.0449244864205136,-2.1695268421126
"367",5.9277175885432,6.15911872145609,-0.293084205907235,-2.47680586314712
"368",5.64596047250801,5.28628775281505,0.430039436385536,-0.965085708730334
"370",7.81799742523954,5.89666777730262,2.44080775732095,-0.423097530606412
"371",7.12711028089008,5.46699275128889,2.536308859582,-0.0950006623622889
"372",5.87711694578583,4.79063531917614,3.30268064837597,2.52788682224133
"373",5.21054656263042,4.83547471613478,1.28766761149238,-2.27488678379933
"375",1.98408740738265,6.94620039626648,-0.722076978978102,-1.39730670481507
"376",3.10200010751989,8.088154466481,2.07356328728919,1.12202911719214
"377",2.76681979127676,7.62745685656839,2.38172520919705,0.247394874705046
"378",3.9412992935777,6.95981675970095,1.62105153672499,-0.950523334664863
"379",5.97398553156087,5.71873862714371,2.07621158225713,-0.0839856004140496
"380",1.99720628122696,7.50525876849331,2.22753821721588,0.406589781260994
"381",3.92158717999319,6.2741429176979,0.942601214468812,-0.454803004250795
"383",0.163970280275076,5.35053893896652,0.0280464075703955,2.00208935317203
"384",1.57619921992773,5.80301371962324,0.55565837104665,1.69784126132468
"385",5.74822740591389,4.54630833659745,0.692222705072914,1.25137929536626
"386",5.97524384542296,5.92432146690433,0.774121294178511,0.617792628575183
"388",6.24524999504612,4.95669175537325,0.819310119212436,2.01380759786649
"389",5.97532259771083,4.76505442561232,0.720448454775289,1.81280559197381
"390",6.12776827270279,5.10283039736265,0.945657820004242,1.19292733682912
"391",6.456270941349,5.32289658388344,0.667412496599665,0.446558256507846
"393",5.75719655775997,4.86087846918285,1.12810385342807,1.42169395004855
"394",6.09035647215645,5.37784494293677,0.740956745588932,0.997348913602771
"395",6.37422871428199,4.50481569540185,-0.0465611491563889,2.4739232361174
"396",6.42936563219744,4.74719581411051,0.556922616791373,1.55232393725086
"397",5.90015961499912,4.77884060277222,0.709197111771025,1.06883864607618
"398",6.25779883341967,5.4928968882516,0.398551456769111,2.0948656754881
"399",5.77869710072322,5.38606955760866,0.913980809290473,1.40530899784233
"401",-5.2345319541737,-5.53512217274277,0.497816558212406,1.74542386824491
"402",-3.32313537638932,-5.90609907831542,-0.409158480049634,0.639683514019957
"403",-6.41051519448554,-5.11325288265147,0.475397084972535,-1.44920550019772
"404",-7.61407412824762,0.241465021363138,-4.13011897133392,-0.758760034073664
"405",-4.97354493226276,0.864263250797453,-3.46762808601592,-2.19133194634971
"408",-6.03876547226689,-3.15867757694483,-2.64028460428082,1.78037627405655
"409",-5.07197552568879,-3.34891072005101,-0.487021845563604,-2.60850911722089
"410",-8.86985577021235,-1.86417505156683,-2.02970017127056,-1.45389685876284
"411",-3.17047699843172,-5.8378729660729,-0.013031764829271,3.0648767062436
"413",-6.6558752683248,-5.55275972766803,-0.341403091945259,3.16196521134414
"414",-2.48228343671013,-4.82005258216172,-0.205853445437434,-0.706799801143651
"415",-3.58511283095225,-6.02090157316441,-0.22603237963353,1.69810772594721
"416",-5.87401230635135,-5.3518414576575,0.86490072615355,0.371264919133318
"417",9.31655961692657,-1.96401650465313,-5.31353909773572,3.15386923592232
"418",16.6383644397656,-4.93764416083373,-6.20588891362025,2.36765441975509
"419",12.4908820877564,-2.69347264645078,-4.97762421386316,4.67595804305098
"420",9.07594754542702,-1.62715481486602,-5.88825162299323,3.97279401655319
"421",12.0674321662765,-2.4729751463706,-6.48958508152602,5.36653198490419
"425",13.8556095051606,-3.39657179110887,-5.99114525867033,4.91929783589406
"426",9.10120408073435,-3.96686908723141,-5.60397963944714,4.56296332871439
"427",9.20632815694019,-1.32455934483442,-6.04724817881583,6.01615353051081
"428",16.6965438836425,-2.77298343464055,-2.33694867894897,5.32075855683263
"429",14.0093089626685,-4.4216158353743,-5.64876845919006,3.56944264812733
"430",12.800088822093,-2.27800875885358,-6.82758156110336,0.0609798198179965
"431",16.6604629350003,-3.76590655437669,-5.27659379169492,5.0102335940648
"432",17.2860254364279,-4.67671916926068,-6.67885028737419,5.01738449308707
"434",2.66107169743848,7.52680897088956,3.1459954265574,0.301265024765678
"435",1.44811022224129,7.47675466595203,1.92354859674284,-0.384894652566912
"437",2.77686065196336,7.81967083394285,2.67314120064386,-0.793015469998851
"438",-0.777088562926467,7.16149429940272,1.23323066405346,-1.16593602609333
"439",1.8457507955164,7.35839002412488,2.34227397161226,2.14095772398166
"440",-0.0435372888767058,6.85775908721307,0.993469020316775,2.46036211133127
"441",0.137476403677478,7.04202324492342,1.72667795136869,-1.1370377967741
"442",-1.56089068194321,5.92785589880487,1.6745486043509,1.09016060085567
"444",2.66123695262728,6.50892735324892,2.6446678188527,0.00466310950565339
"445",0.409854511482279,4.66040851853143,2.24865854107333,4.56084839070599
"446",1.70485592904322,5.92884660006782,2.29500639138302,-0.41070696234818
"447",0.720382226918869,7.58893029628708,2.55838602970065,1.82854482385066
"448",2.10942103573495,5.72265713393044,3.36577475992237,1.370124447568
"449",4.2726268572744,6.51447776889928,2.08411095211394,-1.52659205422743
"450",0.615968065749483,6.47137809877261,2.08262010020746,-0.0651066453667375
"451",-0.0119315035609917,7.08876510314712,1.83230987208272,-0.0262089958394605
"452",2.18515232613907,8.22528144096457,2.04431865627092,-1.0252064326742
"453",2.14081376371729,8.39828696357132,2.03196157823594,-1.71658432125097
"454",2.71093114159513,7.75956694747165,1.70524968004832,-1.50306711777972
"455",2.23720286943613,6.58429893202118,2.22366943985171,-1.1061605101166
"458",3.6130235837056,8.14910455700846,1.31091355602885,-0.781792209833473
"459",1.68384133661269,7.50444617825781,1.86229831238402,-1.49341465161971
"460",3.61550141807427,7.06168034692026,1.6338081052147,-1.55215497318686
"462",0.702052776181418,7.56576499219379,2.01478887150869,-1.9628151224616
"463",1.40997509450714,7.68103809797469,2.01689302622482,-0.815977511961802
"464",2.22530809304438,7.9918641630361,1.96068395210701,-0.308153138576759
"465",3.54103231153673,6.20867848231007,1.05732307735801,0.365118463679692
"466",6.60684184091448,5.89499558376735,2.72624045565779,0.0564931954273702
"467",8.30324982841801,5.26722337491895,1.75198473173873,-0.565489629350716
"468",2.02672308806671,5.7521303508823,0.292476923683455,-0.387326859209589
"469",3.37059019932335,6.31782272903789,1.18085811764584,0.246935777722018
"470",6.09494278443937,5.67475263796425,2.95393633227652,-0.116749332618557
"472",4.64221163346722,6.14782594595258,1.1084392005974,-0.160129325144667
"474",4.87861051497543,5.98006599126086,1.71225494450025,0.21480302657024
"475",7.34239521831246,6.3495469633883,2.85287350978315,-0.27213922306945
"476",5.70936326189228,6.32589374577301,2.41638635005513,0.329996571153626
"477",6.74784705762667,6.62421426055246,2.55613668141922,0.155403871013335
"478",4.55458614065162,5.46326893871089,0.73322042756051,-0.253067409535331
"479",8.54324112306964,4.43032919928096,1.9128824209059,1.11976397372366
"481",3.36471752272126,2.96866837950129,0.322261822882963,-2.2974491198505
"482",3.98261250957351,2.85921346815281,0.587334233979829,-0.838627405420587
"483",7.05392331302296,0.730052189400395,2.22201690065412,-0.471052810372
"485",4.75967431273968,0.182432288505761,1.42793663905899,1.60476126069035
"486",2.43206778691307,2.33291562177677,0.516750997238056,-2.34291996880704
"488",2.74400356212249,0.262984871101269,1.64920971646852,-0.20621745765655
"489",1.99916846011382,2.67227908712704,0.613000155478227,-2.79261420726104
"490",4.06713825832458,0.873396893308986,1.4559529157127,-2.65384762716383
"491",4.31963806969954,2.10814655651183,1.56167131190677,-2.45990840971712
"492",3.58554013835367,0.501743919429154,1.39948769317585,-0.736926891480115
"493",4.31122769448285,0.553961891702314,1.5537127973026,-0.061296398278465
"495",6.2220803012938,4.98186858384139,0.977974826075285,-1.81360895742468
"496",3.82629589865919,2.76949436713419,0.517668965217698,-1.9033381746849
"497",1.95820642436312,1.67374152056854,2.42695109316371,-1.65064579985185
"498",2.47809104026095,2.71265537436203,1.23468746641478,-1.90704630594269
"499",1.40792871243021,3.44663894697994,0.00696251859638767,-0.783857503173011
"500",1.32379798489518,2.36120149220585,1.61274971820642,-2.34950769583767
"501",1.93370176090122,2.4033578285593,1.01334584428213,-1.82220501741641
"502",1.03755742064014,2.00486463136874,1.49278387441338,-1.97764189180377
"503",1.41572477895094,1.74572493639484,0.966818144693128,-2.58102824255326
"504",1.13234945181421,1.35477595405205,1.08667253105352,-3.6363540809066
"505",0.495070475356119,1.2793238626518,1.73357825633324,-2.34322195219827
"506",0.120023529323727,1.53703941927185,1.25531851657751,-2.40728743844599
"507",0.435016619410251,0.626037006268698,2.28862833556858,-1.972704697298
"510",1.17524550680365,1.44265549026183,2.21653304994468,-2.2868898037189
"511",1.35543459938809,0.659194460948813,1.53876924768426,-2.53348043489217
"513",1.14205192648021,2.82343555794231,1.41864457803575,-0.87522186893578
"514",-0.312851915802212,1.95830349522527,-0.0195274733050759,-2.82972695250089
"515",0.149831379732993,1.97657133166208,0.710465187783485,-2.10568659543661
"516",-1.30802630251709,1.73763883014319,0.54302455001542,-1.93565479985733
"517",7.52794022119632,2.96068185815827,2.0901750128635,-0.76331652640296
"519",-1.25843003635567,1.87194892235765,0.257540443327042,-1.38949698768271
"520",3.00689545289999,3.17246975820511,1.46616483386139,-0.989387371417192
"521",5.68773238086257,2.63677482510479,2.10873652670681,-0.872832831931797
"522",1.70821995722897,2.86472371273064,1.24986905601269,-0.658826134745939
"523",3.86411930369963,2.42663978299065,2.22857215114212,-1.48639214731895
"526",3.87162064451498,3.97732348532067,1.81483077451722,-0.312879116270951
"527",0.751901555648652,1.6232206396511,1.77761902107471,-1.80112575571003
"528",1.53597673146785,2.9800332446152,0.965842240021232,-1.51188243082994
"530",16.7785181414631,1.54736245978152,-3.08871747413209,-2.01590247612235
"531",17.3876216724228,3.54809572127594,-0.989361046863279,0.144903440641587
"532",16.2216778201863,1.57247145973801,-3.94665607988092,-2.44590692363145
"533",15.1779585928546,1.77047575581685,-3.03002435643224,-3.00849550915779
"534",17.8581888262012,0.330726966521193,-5.20753246518113,-2.35633914176696
"535",19.4397118446705,-1.05467487401286,-5.41790529228156,-2.32524468957132
"536",14.6164376502002,1.61304899366048,-5.24579061347066,-0.32506723259758
"537",14.6068881077855,0.951152141252502,-6.19374847619691,-0.356356776870992
"538",14.9493524878175,1.60789579244561,-4.62667029711247,-0.847012745122061
"539",17.5990905107777,1.43983356919128,-3.70968059207999,-1.06945100021276
"542",18.3705326421187,0.679426881958311,-4.301346394073,-2.25674507762282
"543",14.0920729113893,1.20156129043486,-5.14716788918189,-2.3217280904679
"544",13.7353409774314,1.5245732087154,-4.3811506113621,-2.02686680391225
"545",-10.2183933196274,2.03366689210271,-5.82954175760341,2.57350188778717
"546",-10.4649376650142,1.87598211250229,-5.81880997179154,2.59499412215272
"547",-8.65866177235255,-0.186457307540985,-3.8895259985241,2.06413491024264
"548",-10.749083963355,0.790973522546607,-5.01484816506391,2.67350512100718
"551",-10.4137394238683,0.0593319979338825,-4.44623471589486,2.14898731597042
"552",-9.17956655793982,0.628687790494457,-4.42895850728975,2.39434612442827
"553",-10.1623106898092,-1.25613505608082,-3.26509124389459,2.27799582945344
"554",-9.43138509843436,-1.62710445559478,-2.80873118538692,2.36588715317203
"555",-10.1203987248629,0.0970361984119205,-3.73565579919553,1.98217823714141
"556",-8.35732752245158,-0.80672210681886,-3.29255069326977,1.95767912102062
"557",-9.32605427374212,0.0772485180881928,-4.35197524932052,2.79461301094694
"558",-9.48936068074997,0.282777222624572,-3.70358079454957,1.84605114798036
"560",-12.5222957573669,-1.2309628312139,-3.97922873872984,2.61910521799265
"562",-5.72542079677876,3.78812595640807,-4.31634410330799,-0.572335590607713
"563",-3.11828723977597,1.46242487213249,-3.42540062158218,0.685874571195294
"564",-2.96157399264116,1.95201328604489,-2.90639236812721,0.314264546182771
"565",-2.49483482590188,2.42526967131367,-3.54397935192785,-0.398071969712002
"566",-3.23403698861144,2.07543927790466,-3.01592563627078,-0.743504969402655
"568",-5.4478024463276,3.89506940963968,-3.73689954798176,-1.56313205738928
"570",-5.07140730646124,1.67313049185553,-3.67048139512906,0.345494594557631
"571",-5.83116292235,3.38988949254273,-4.38909397513228,-0.410239166072855
"572",-3.81690130448304,1.82956215844057,-2.56283970352624,-0.645125227800779
"573",-2.72720506494139,1.76493860307709,-3.28613734103203,-0.161078419877568
"574",-4.06239751216363,2.94632111182096,-3.41824051843972,-1.12207445563805
"575",-5.36031287375454,3.75354183213278,-3.81671217680793,-0.311991904687271
"576",-6.57577881207606,3.37454886451432,-3.41124975190344,-1.41439176129502
"577",-1.50736630257202,8.07533170321501,-1.17827899326558,-1.34904529024452
"578",-1.34646171258672,8.48193211993692,-0.514346219212364,-1.96650489288718
"580",-2.2784929310953,8.15591403353102,-0.859680339027139,-0.929378439525369
"581",-0.442052138828905,8.0509940359378,0.0757405994978221,-1.50237398332603
"584",-1.79545792191027,8.09499269412074,-1.18304489289573,-1.03338380230932
"585",-1.52164651253592,8.27087989187261,-0.411895913103612,-0.81689388345358
"586",-0.0310680830884165,8.14613281347443,-0.172729262181517,-1.09786813191303
"587",-2.19089257292564,8.29618871604475,-0.907299869966642,-1.45116438950829
"588",-0.967000131431245,8.02499773523483,-0.373497587593586,-1.15985799569248
"589",-0.942892352647008,8.40735960522636,-1.09927615851425,-0.979146306377183
"590",-0.230638154491171,7.60487988930836,0.0306862752400488,-1.35251931770619
"591",-1.63462260803183,8.11230479544093,-1.02429388300545,-1.49731870728314
"592",-3.45453827327279,7.95165974717963,-1.35537500427015,-2.01228969871406
"593",4.36765089186402,5.97326823553973,2.56102358508206,-1.22615943404161
"595",4.35308957037079,5.20148929683204,2.5983489114144,-0.868898709659364
"596",3.46053853593887,6.0563215606781,2.41500419321469,-2.12833001237957
"597",3.91896311176185,6.14429879603292,2.39925161648873,-2.55228436135782
"598",3.35361151122799,6.12447769680158,2.76162906949281,-0.942966257844787
"599",2.7836507751614,7.3758712932827,1.76208462487212,-2.12850821672998
"600",4.28192985016604,7.56562763333486,1.00797667059021,-2.24532237393237
"601",2.28698730870333,6.3852441604874,2.5589171387754,-1.30719218875235
"604",2.26543817940876,7.60253029525373,1.32830708474894,-2.2624443938303
"605",3.00697328252068,7.6868745076317,1.76193780574467,-2.1080726875464
"606",3.36663514262265,7.72658361124277,1.47454940117923,-2.25883125974176
"607",1.03571936666117,8.98422442820161,0.780007056856334,-1.52596459531457
"608",2.58434041756103,8.57450229267986,0.579187422042862,-1.99571208897676
"609",-2.06888682639011,5.76611835174142,-1.51742637821443,-0.485970582750384
"610",-1.144393280134,6.34326654418977,-1.04625941262234,-0.780118020346659
"611",-2.8955832415628,6.34228188929407,-1.55321734890324,-1.32172623635838
"612",-0.909640331516182,6.88298973767102,-1.29581395412787,-1.24712644535124
"613",-0.613849526526165,6.39048242318189,-0.945109501327127,-1.56165578466813
"614",-2.01124908230561,6.85525828826586,-1.49042476301748,-1.43703565463507
"615",-2.14891744249599,6.38074046406022,-1.5839558067381,-1.16567104388434
"616",-1.18117686793187,6.71086782734068,-1.09728609028472,-1.42921042407593
"617",1.06669380269663,6.71133942234352,-0.665707017264825,-1.75386476087213
"619",-1.68471015120146,6.47515410844897,-1.00207639045858,-1.53046358516561
"620",-2.23907330610288,6.0533717115692,-1.83455569203871,-1.51048841930499
"621",-0.94218522676498,6.45300768142977,-1.2990824150534,-1.28595090906529
"623",-1.8915756782011,5.6702121712724,-1.42709265050907,-0.519229755184115
"625",2.24900991401249,6.18304134768056,0.464827820014006,0.459040321653893
"626",1.13410791554279,6.59315530248869,-0.0125112389777054,1.20705473937215
"627",0.320253464622903,6.9076740098116,0.282139318543239,0.0252022407660305
"628",1.90061276366907,6.07350132832717,0.0781893393553737,0.553952757493778
"629",1.9474039925015,6.69478916979736,0.662840612132869,0.0656487212849843
"630",4.4992487439404,6.9413669618005,1.74083945914378,0.253009672387308
"632",1.18372958929769,6.54514882198182,-0.427196196373367,0.503500611135796
"633",4.66335387814929,6.29022782823708,0.733246868922675,-0.0784482856733229
"634",2.51717135961219,6.19472816736365,0.0788720270478946,0.0513803839782899
"635",2.86325309983113,5.94463408035658,0.239922125695133,0.362523906034902
"636",0.275938552407589,6.80264423386196,0.180850200850194,0.791548210875594
"637",2.40232486058478,6.47757692151131,0.519243125513986,0.484771047790742
"638",1.06330510862906,6.3917972888002,0.191755089070572,0.822894249425724
"641",-5.46683546709875,-5.39012879235569,2.16974567673488,-4.21920132164492
"642",-6.02063756430442,-4.15256955040764,1.54008434744182,-3.20637718721141
"644",-9.28478141043365,-6.4955025311224,1.96884474660668,-2.68792851615006
"645",-9.11295894756361,-5.54861888032992,1.8297704875949,-2.10887307687904
"646",-4.82936794429862,-4.76367680291577,1.65404833395868,-4.65137715132285
"647",-5.00193924716419,-5.94062368019526,2.10865530229058,-3.93325104204736
"648",-10.079452928561,-5.66065977604707,1.57349425467749,-1.94863025796039
"649",-10.0489533038537,-5.78968512103012,1.73094605363766,-1.92134558264543
"650",-8.28504678282026,-6.08689915795553,2.06936550393385,-2.28594816966531
"651",-6.70159648399306,-5.54103528570648,1.49591192285311,-3.30811484700189
"654",-7.19716228198687,-6.06811377746136,2.79840271586864,-1.15159567574431
"655",-6.95882900487696,-5.47004025474336,2.26617156989353,-3.4598485119029
"656",-8.93964575934172,-5.29270294430218,1.36217426515839,-2.30016016916768
"659",19.8777598386094,-1.64249507151851,-0.789277840058178,1.75260187053378
"660",12.1401136989085,-2.98651753551682,-10.9002075031829,-0.203200964439472
"661",15.2775579185084,-6.23716270495382,-10.6944145293479,2.29587711833902
"662",15.3081958846335,6.31395504809618,8.16280593568597,1.63168851004418
"663",12.1515671285378,-4.7973579003129,-10.5068829342384,0.76965305286717
"664",21.4183371547146,-4.33726000246043,-4.69955809825068,2.22971933300971
"665",14.5463008692311,-4.70843703163617,-9.21947496238813,0.333670748318573
"667",14.965616833038,-3.00099456395085,-6.54256537791414,3.65500779086131
"668",17.5863285078073,-2.20918785379782,-4.01412567488759,2.45085031914524
"669",15.3652945945895,-5.30303197458362,-11.1460811892958,0.492271511936864
"670",24.8079160571889,-4.76152815229879,-5.70520453429831,-2.3104777433696
"671",21.6703437356773,7.02034051466821,10.5521006417886,0.0378565605113036
"672",14.3148704859717,-5.7278525846769,-11.4895361933668,2.77981007098231
"673",0.58495512865137,2.18776183770125,1.33343527405499,0.102978818220299
"674",1.24978901294697,-0.379979601549552,0.722293012058308,3.2173458039142
"675",2.40060065786928,2.28651086465443,1.41014014434856,-0.418733333015362
"676",3.60071831148118,1.58303259777911,1.6187133198642,-0.298027876908438
"677",4.01534092654527,1.81024255175565,1.98316473755394,2.71661274127091
"678",3.84769632776407,-0.322285375306636,3.20611378538675,4.87382594516709
"679",4.3777787755043,-0.530029811117652,3.14192052278718,4.76107102306482
"680",4.37041793289965,2.74855608757287,3.15364258785034,3.57070010808826
"681",2.74325834270009,3.36083917733826,2.13634291165099,0.94823904271842
"684",5.80872339073059,2.77830293254692,3.62315887525999,1.86830664360988
"685",1.32385853091592,3.38586566143619,0.506284285592431,0.512581206997523
"686",1.75851115268897,1.9768313067519,2.43990836669454,2.69739875118304
"687",4.68631212157254,2.34749574680432,3.18636333870382,2.64484498342962
"689",4.97817616907283,-0.442773717586326,-0.880905015427697,4.22960645499642
"690",4.45982109617335,-0.473087709899421,0.0639811836117507,3.56929690158732
"691",3.22998723511589,-0.296701797589787,0.327004563544118,4.31629080396313
"692",4.27090767391331,1.59289814983814,0.610682812980113,3.77047978258646
"693",1.6928369616122,-0.454458195810926,0.988233417863414,4.01160629952916
"694",3.73656416727808,-0.9066494495896,0.669450554100645,3.44515018763311
"695",3.98531068257753,-0.118424653838034,-0.151938773893068,4.1680243023984
"696",3.52746440131486,0.484312416614581,0.342514314918312,3.66716439513961
"697",3.98556591400485,-0.556309524804609,0.55894756518772,3.25258392451332
"699",2.59434597880311,-0.216709526110274,0.48442801803521,4.06997125596715
"700",3.91236411228969,-0.23794454569211,0.300696057395921,3.84744933388918
"702",2.59824178254495,-0.621518603905724,0.605463093470884,3.98008721842003
"704",3.62324754343947,-0.634013781154096,0.78685132979313,4.27480716393421
"705",3.85061474369618,-0.290002145563506,-0.39345560216522,-2.72490487746906
"706",3.92661970445647,-2.36228095392913,-1.35299666017892,-0.92207180250528
"707",2.59689781862426,-1.82054759456602,-1.25792751107401,-3.27118076908221
"708",3.83890717208481,-1.96465008959623,-0.818385280347749,-2.38183225620626
"710",3.6258458770114,-1.65956034101319,-0.745874914214257,-2.22511973828591
"711",1.98320217918432,-1.80602838954358,-1.61205320572281,-3.85499959062844
"713",2.24755230924344,-2.83073242330593,-0.741712903640149,-1.91190893794691
"715",2.53598356354822,-2.18830755063273,-0.776209851546949,-3.52345703485151
"716",2.58182193161991,-2.11201968196972,-1.14897994214269,-2.13631787749246
"717",2.48755676572027,-0.888046328236079,-1.61494320510501,-3.0626544726099
"718",3.07811771914579,-2.1081690239111,-0.910842033190275,-1.53525410078601
"719",3.50571119901893,0.0342411409311758,-1.58306826338212,-3.93399689066958
"720",2.76606844596509,-0.847747342990093,-1.59249384086363,-2.74227860350714
"721",1.91853048666619,-1.45403216995542,-0.859330111013295,-4.17237701380101
"722",1.05194801291281,-1.55075886977793,-1.28920383117759,-3.56511070692737
"723",0.0475038818365483,-1.0832735691561,-1.7088388338037,-4.16257468951937
"724",1.52897770755973,-1.56369330631516,-0.705598687725742,-3.03122261440033
"725",2.5989728550178,-3.18605221491939,-0.520583076609639,0.156476328697329
"726",3.52454521437539,-1.78007951639694,-0.564408036228182,-3.89139805345543
"728",3.9741440796822,-1.87514064766526,-0.919735999351148,-4.10081530606518
"729",5.24136812422315,-2.19674587018443,-0.726099116451273,-2.89981111089731
"730",5.2691628522075,-2.94502977576988,-1.79140902650707,-2.08444361281944
"731",1.7709702816727,-1.61688494282895,-2.24958227199582,-3.90706128809172
"733",1.97519637540582,-1.44066001397927,-1.05268471556787,-3.22694969343541
"734",5.66128818781168,-2.09884924125362,0.0749644754698263,-2.63267380150687
"736",1.87411344420445,-0.767562612768295,-1.01535752079401,-3.29738079597587
"737",-7.69492234397663,-2.45775945626431,3.41322228710518,-1.95053454429362
"738",-8.25921321640843,-5.17191512132933,2.55756227570576,0.0630781510832496
"739",-9.5102417013664,-3.81104213611434,2.14433528967124,-4.72654979572932
"740",-8.44314149294112,-3.05626374242821,2.92292015257687,-1.84485725114403
"742",-2.42767459831389,-3.27767117430364,5.11821629921975,1.51554647455991
"743",-6.84413657748242,-2.93249187830473,3.47445978038002,-2.57584618395282
"745",-5.38585769110748,-3.40235720736133,3.57333336177389,-1.80765628887578
"746",-8.16162402440482,-4.94434438799439,2.97492918704952,0.0268518772202975
"747",-8.7000928237634,-4.53522682276826,2.35249460202505,-1.83122076410726
"749",-9.80007457600284,-3.60200468147146,2.51681745979792,-2.02237979223931
"750",-6.71865698231505,-3.08029466756872,3.34354837063712,-2.9468291028953
"751",-8.48715388597762,-3.18388499454362,3.16343827007632,-2.7685926599277
"752",-9.65189439069565,-5.10104367991618,3.29583217464509,-0.587603332538848
"754",-5.51316634640671,-5.82651421328823,5.48783948437578,-0.915278213042916
"755",-7.71403955910771,-5.33005465627374,3.87928181902331,-2.22899744759259
"756",-6.57142693325559,-6.30674156993823,4.3858111758967,-3.66532344199981
"757",-7.5924919733824,-6.42386512582985,4.2777029903843,-1.51907278697068
"759",-0.00616044051286713,-4.8873962099552,6.28179903118164,-3.74985583321354
"761",-8.41305843393997,-5.8730791004587,3.7030667942393,-1.94765163200281
"762",-8.74051154981542,-6.98513108509731,3.94777170572405,-2.33648235503012
"763",-7.72651164902806,-6.72845061306104,4.61875046876648,-1.40767298390599
"764",-6.73909205273087,-7.15156080321002,5.07835293173124,-1.8014527776931
"765",-2.31655064184833,-3.9874261183585,6.45328755646993,-4.28697496124466
"766",-2.60351128922217,-4.90162968313831,5.66070625642115,-3.79939845080845
"767",-3.04038215446162,-4.58577940558535,5.62033047044999,-4.11790618607702
"768",-5.98053660886533,-8.18511512849596,5.53019479941038,1.3677799878325
"769",3.01669797585292,-2.00599493212933,8.69683162080031,0.355921102104878
"770",0.76505675434587,-2.86867093869863,7.98936734763676,3.32862334959743
"772",7.06521269825285,-3.56212154101581,10.6810371148044,3.44868102853452
"773",2.13225869519015,-4.53656773164441,9.72335345003425,4.00950775174515
"774",5.08016243292961,-3.96293184659278,10.2686013080815,3.78999848651876
"775",3.30723240062862,-1.63241896988948,8.09627140169077,0.510555395835466
"776",3.216312325703,-4.46951943222736,9.57347822412115,4.12374124488272
"777",8.82051079584297,-4.87786054752217,12.3525425367485,4.00020200265502
"779",0.476784727197393,-0.161937787828416,5.81561097640094,0.802052121171287
"780",3.51861503819273,-3.23094088716928,9.40978979010046,2.57762298596183
"781",-0.379319940743734,-4.82648970397286,9.05185840913201,3.20885560174206
"782",5.11158149093143,-4.45145684579245,11.0409498030881,3.99984660594817
"783",1.90465654594512,-2.73690970447818,8.12572155070376,0.943781567327654
"786",-0.820354737888204,1.23168460387139,0.890465522828717,-2.60955996779086
"787",0.869037967807997,-0.0566640136396715,2.49946534036251,1.77734205781503
"788",-1.19878821164612,1.21476765226435,1.84459120899315,-2.75549785613608
"789",-0.00747587856977368,1.07075520305642,1.32788087091065,-2.00331715997334
"790",0.346454810224671,0.395283347806962,2.15553754140723,-1.94465892548755
"791",-0.824015347550321,0.115539255864649,2.26601827889952,-1.4156359010224
"792",0.260292166580427,-0.0519217003150072,2.87799893941811,-2.77318920285729
"793",-0.213516733712281,0.284734863121971,2.42342895515061,-3.77179996429236
"794",-0.0555004352994044,0.988822370912347,1.83823707975641,-3.16369530489522
"796",1.52204553989471,0.233424690278424,1.42956400268344,-1.75901803449737
"798",1.66587413584083,0.337778661525249,3.02661496776618,-0.685001738627627
"799",2.77792105664392,1.1480865413235,0.444981608134281,-2.17635511366265
"800",0.751239708393589,1.4325435434439,1.39983515944587,-1.67301542593555
"801",6.08768782814581,1.21206672055411,-2.36864545962072,-3.89790243658856
"802",3.11410450757217,-2.29149949744505,-3.85830875284517,-2.28122297977148
"803",2.7771897547364,-2.17365226012243,-3.08195888951025,-3.56128761054327
"804",4.74146258649095,-2.31215407567722,-2.71175588757152,-2.35371215930649
"805",3.61087110737576,-0.589185405191663,-2.7721822317188,-3.07141494689463
"807",2.99789288598868,0.521534547612708,-3.62219662209962,-3.29162129010114
"808",0.721880378281315,-0.366653790763319,-3.64065664029947,-3.1829372806753
"809",4.17714296469366,-0.603820606760169,-2.58159000414572,-5.07685273502849
"810",3.09234138595834,-1.81851750832053,-3.68264345868732,-3.24846833630318
"811",2.68156784413352,0.262632085446603,-3.25193184343126,-3.42040318070401
"812",5.54314202897533,-0.990701210972749,-2.80406482208043,-3.11226775120384
"813",2.20520600295204,-1.35101317384457,-3.49629854633547,-3.46283251668149
"816",-0.2232772961361,-2.2886146435253,-4.13774121477893,-1.97893433775945
"817",2.92901769518822,-5.12931859656227,-1.34218841848549,-1.13024887810942
"818",4.06667626413171,-4.46038423367332,-1.81878599943878,-0.43149309317946
"819",3.2607896624171,-3.67708062787012,-1.51714681762293,-2.42354892045121
"821",4.0690046434923,-3.91333572854045,-1.69544465160383,-0.882116009184167
"822",3.2899148371203,-4.99050164108603,-1.17626348122989,-0.752754470423571
"823",3.62149109872774,-4.40073003318642,-0.503485998708689,0.711416111727765
"824",5.43503518341951,-3.26835256310219,-1.04944429837315,-0.0716692954679926
"826",3.15512756079191,-4.38371954210421,-0.417802230074644,-1.04277488977728
"827",4.26656017135906,-2.96140284305167,-1.44682343879006,-2.31915614310103
"829",2.36107954325705,-4.63418973729445,-0.842172244730783,-0.289112063164475
"830",5.02516158954146,-3.20135787871681,-2.20718647081,1.54150794296419
"831",5.07366092515094,-3.31965462065662,-1.18845722674811,-0.701583696917312
"832",3.34481411776772,-3.60678663481172,-1.70396319864896,-1.09670534916461
"833",-6.75862719560954,-0.790938210571897,0.974037219404266,-1.91223273474634
"834",-2.27842844344455,-0.723000110594078,2.22195975118989,-2.39962757692221
"835",0.731949557411931,0.331673673023079,3.98522477092553,-3.44720412073048
"836",-1.12661150964048,-1.63854378589706,3.91414879403287,-3.08856051521217
"838",-0.801850814285236,-0.104737509828411,3.22238823797477,-2.82007106853546
"839",-3.77397583923475,-0.730778254781749,2.23982776087967,-2.62467853388623
"840",-3.06590645756213,-0.31593052580097,2.655637676846,-2.38253490520765
"841",-2.94816668792111,-0.789753148022709,3.12545359865961,-2.76298549351229
"842",2.29887751269377,-1.63276423931484,4.81475879440944,-2.26773011580943
"843",0.312701736574836,-0.929346731837693,3.57083810287156,-2.77830734587918
"844",1.07206540560686,-0.950739734231822,5.3416569019859,-3.46258978669677
"847",-2.45942615732076,-1.56112474384047,3.02951716663326,-3.39306752310479
"848",-2.25683807468648,-1.094802635048,3.35888023418291,-2.03988222802882
"850",0.18510313119679,3.52067676318737,2.43857460544201,-4.27440551020019
"852",-1.15575460852144,3.32072488649287,2.34463825867428,-4.9096374780059
"853",-2.04582614768034,3.46719265281776,1.81556888252764,-4.36341008076008
"855",-2.27183556972019,1.01607385739868,2.18943934097575,-4.54892585907943
"856",-1.20868880446931,3.2275507704158,2.03981900244069,-4.94354489396802
"857",-3.08364490575553,2.45603493522601,1.79456935067226,-4.57510249008721
"858",-1.6734859328746,3.54011410792562,2.29071922372414,-3.85461759897142
"859",-1.62269080444997,2.91964273999045,1.76313366169251,-3.91028169417909
"860",-0.115209067229012,3.11047355529651,2.31987276908462,-3.37592995718955
"861",0.263137794641642,2.86932783654875,3.29902795720055,-4.18095845026147
"862",2.72691779593502,1.0178081434037,5.22339186315738,-5.49149268362415
"863",-1.21520753730884,-1.00206046130936,-5.26662932320876,-5.4726215974104
"864",-2.48353102976197,2.6454634399335,2.2449382083633,-4.22697055013626
"865",-3.50771135304182,1.69530541614174,1.61769589309084,-4.03788576194342
"866",-3.74913816788771,2.40071575370722,1.36300336255137,-1.6573134712412
"868",-2.36150530569938,2.44269030214481,1.97712161124952,-3.61303968710868
"869",-4.50942187748703,1.22739909033729,1.058234878227,-1.67831000295666
"870",-4.30813085673928,0.879679613915623,1.87694114233871,-1.8998096722432
"872",-2.79780017770314,1.75289467500964,2.25515059713091,-3.75174981240855
"873",-2.12282956647998,1.59576720045149,2.19686622007176,-4.3880478401284
"874",-4.5834376178883,2.95519484580812,1.04250849110575,-4.50939663280855
"875",-2.58476472350432,2.51748273108429,1.24433536950278,-4.3668430453785
"876",-3.686397148673,1.23874403560692,1.78389496982223,-3.07249776178552
"877",-0.0413437325369312,3.03385700920089,2.22992406476681,-4.35287229002842
"879",-1.05436891330848,3.06329734546304,2.07256389068262,-4.42690896910384
"880",2.78609847785826,3.49375693029854,3.33725982785265,-4.12590372789167
"881",-3.18758064288213,1.96454631936428,1.4836012686762,-0.459871752019379
"882",-5.60380544470917,2.59302262437731,-0.602285897158533,0.695679720587414
"884",-3.07507138304337,1.25349284383504,1.86209255788197,-0.665261586023965
"885",-3.68159975704122,2.0839837267716,1.55815586330909,0.445344849076793
"886",-3.05595122239421,2.32261780357792,0.623343997714597,-0.375704040788025
"887",-2.42141524182771,2.50362754489916,1.6411357386468,-1.12482753511008
"888",-0.965077752624863,1.12107379627289,2.38781376675211,-0.986268119811082
"889",-3.18349886884753,1.99270966882292,1.62633287553494,-1.17867304693927
"890",-5.04987190835356,2.89072224982591,1.09080920935909,-0.723038610387601
"891",-3.18408768088676,3.38054835878633,1.19908362982106,-2.31299201975575
"893",-2.3993826239985,1.87835206951689,1.59427354286784,-1.23780901919421
"894",-4.83838828202286,3.38249568832668,-0.225567017974736,-0.663621053039405
"895",-1.76644925312332,2.05808920118801,2.35193973723066,-1.6848078050572
"898",3.52524043981627,5.71028452514706,2.34826141796208,4.56472594005894
"899",4.35040714930203,5.82512702152506,2.55999173916246,4.91802733204131
"900",2.34607682207978,6.230829500147,2.52501506161674,5.13405571974763
"901",5.28431390391141,4.71319106153084,2.75803294180899,5.10088034310255
"902",2.06571306125754,5.73603341444183,2.86530861156263,5.25526152736112
"903",3.43196993336533,5.57226277851891,2.4652394846124,4.9336777504504
"904",2.99730003379295,6.09188721257275,2.50513526320077,4.69967232599099
"906",3.91715082340667,5.11827690897351,2.89726293144225,5.36573562207611
"907",3.12975371808787,5.62047447330536,2.75380870410328,5.1393770922574
"909",1.81041664349773,5.91337402263476,2.41089017710217,6.0394334715761
"910",3.17058032456814,5.61123268179099,2.40918876720133,5.01401196546386
"911",4.18788028316756,4.83388121160361,2.76637582372053,4.73790585141424
"912",3.96492395976982,5.77060793107233,2.8383891373568,5.01690983800398
"913",17.8249598039388,-8.89344830832785,-1.85519458021341,-0.157695755258376
"915",32.2177597700687,-11.3102773873803,-1.41871839799295,0.703499065036662
"916",18.9283104710093,-7.08399298010447,-0.220971802481751,1.7411778745241
"917",25.7136975788808,-8.34979145745948,-1.28920505404794,2.82800629167904
"919",23.8568898928853,-5.8988110386942,2.47727469245936,-0.266610670723627
"921",24.5769296278656,-10.6308528830164,-2.25633293384648,1.90754598064789
"922",35.7184691157207,-10.4314550443036,0.345449807560817,0.831157188311555
"923",23.2729913774467,-8.80793198525612,-2.76264422447088,-3.12899287233877
"924",19.0029620545268,-9.64652769147886,-3.19604882710396,1.35754527505703
"925",16.7624201541702,-5.86329136631671,3.02196014685183,2.9446644004361
"926",22.956212795913,-8.94356903978628,-1.48071774720722,0.564822476979217
"927",22.1414065915751,-9.00025892860667,-3.75895239339421,1.90874701059816
"928",24.5413358161469,-6.84361490149087,0.046389838129893,2.47346553121507
"931",-5.45327812001947,2.91706270731432,-3.63969793772606,0.0253695114886742
"932",-9.52219273025972,1.91555439224348,-4.59956058916662,0.855171108852471
"933",-8.20977947136275,3.18316764795882,-4.78747294426318,0.765380325747171
"934",-9.45186791786909,1.33705316923873,-4.6170528532212,1.17964527506088
"936",-6.37188752552516,3.36489891250499,-3.88164775011287,0.995935037871449
"937",-8.98128571730651,2.07964355363899,-4.88507739376319,-0.0334008524733555
"938",-7.39545839632016,2.79539573853489,-4.16301080502098,0.312187178576924
"939",-6.56324449183784,3.41237265703939,-3.64806917267613,0.264170489438482
"940",-8.85059174713803,1.59752253168742,-4.15739034929183,0.621677042251064
"941",-8.05354884172339,2.76020885179307,-4.52754193959892,0.6499861400872
"942",-7.61540092681752,3.02171044463309,-4.76037038036597,0.877536956353337
"943",-8.62620310038644,1.97662861419952,-4.67218795011137,0.387431435972485
"944",-5.99988342010619,3.4440910240753,-3.79310610404196,0.434804023506401
"945",4.76212046698618,0.609071404491959,2.3551975806552,-0.288504972999979
"946",2.53474107554381,-0.160105109542859,2.70468384659641,1.5200869239619
"947",3.64169696493626,0.211640814254543,1.95981059748824,3.85867380406901
"948",4.43023206266796,-0.668093999685366,2.16668051137182,3.06288459567996
"949",2.68583834271223,1.17082612226496,3.40823009750235,2.21948203564888
"950",2.58681289449726,0.894719906796262,2.49684951453371,1.39213007590173
"952",3.96406914508881,0.0792527113079171,3.11208827164307,0.0625313472676592
"953",3.76027994673372,0.959578214502857,3.04053399303578,1.55131503209693
"954",4.33527339127622,1.16946703499235,2.80267161871847,-0.129150105382799
"956",4.0748488544214,1.52681495742421,2.70053750578077,2.6801941061775
"957",2.16132217223956,-1.40977672730424,3.66068633250055,-0.470667094765167
"958",2.65901448634701,0.0798890798857546,3.16952668318974,2.25749993933845
"960",5.61919632694444,0.104833441522691,2.72811287129421,1.72299443118628
"961",13.0777292003918,5.60996707165526,1.32681104027533,-3.05976925189128
"962",9.13130296208383,-2.09484369304065,-9.87737426398874,-3.50550127187174
"963",11.4879519901216,-1.01217125768356,-9.72368795494508,-4.10266949858855
"965",8.79286307729769,-1.25610764193473,-9.19148122166395,-3.55827463655468
"966",10.2797157735952,0.224957203473247,-9.09065354479439,-3.7919001449892
"967",10.3325370603286,-1.1533407897391,-9.13267196781151,-4.39234173186844
"968",12.2333602356902,-2.71798418486955,-10.872425791799,-4.84168611883512
"970",14.647159878007,-1.78046123030146,-7.73829209369478,-4.29383138459677
"971",11.4481344127439,1.01058958720138,-6.19178675015109,-3.75717770150009
"972",8.47708149409819,2.371234471498,-4.46484470743307,-3.43035101850808
"973",9.7458945670577,-1.15098061210373,-9.28885788182824,-4.45374838331811
"974",14.5529337347336,1.58384173791256,-3.61003465334986,-3.71343329996758
"976",12.6342364850964,-2.25148149425135,-10.6146099324451,-4.71822248253012
"977",4.94290604577253,-2.44762153326724,-3.94793076855382,5.36439885692975
"978",3.355592236942,-2.0983821380704,-3.82584412183223,4.40587833875936
"980",4.10122290580893,-1.31171665129538,-3.61082638128964,2.99675672446543
"982",4.03753449849167,-2.1084290690529,-3.51401445876407,2.79649037242573
"983",3.82246378656294,-2.39424637919101,-3.66450837023995,4.47100689448076
"985",3.57981596913684,-1.21507419298167,-1.00060549872846,4.68716513540356
"986",3.81674800083307,-3.44413954850031,-3.11540655593317,4.12819607026928
"987",4.39864750473785,-0.985769750035598,-3.10488867287197,3.46937811848108
"988",3.91820249711596,-1.59640433934315,-3.28709393497725,4.53177794310439
"989",3.65809149665493,-2.33554693705754,-3.62103069688586,2.91198864332327
"990",3.26143500009901,-1.49302147252504,-2.41675532462589,3.8764263728277
"991",3.10055496923633,-3.12695344200393,-2.80622034235923,3.46314226413041
"992",4.15874448198992,-3.53174305797471,-2.49600526769391,4.13137090844474
"993",-10.4349934897288,1.68277668708765,-7.63307768255634,2.08233887057598
"994",-12.3989056571603,1.11498319308,-7.41085560152033,2.09044995173403
"997",-13.2640493596329,1.6146651492841,-8.43190514979554,2.41732292835068
"998",-13.0213845917604,1.19889799406075,-7.5546803060359,3.43590352826158
"999",-13.19123457612,0.865234228503008,-7.52367484157547,2.00591253383399
"1000",-11.5696788585863,2.82128529831201,-6.57188322088553,3.55146137595346
"1001",-11.0832759526307,2.78753912934188,-5.79781401507911,2.92209515430928
"1002",-11.4542509321994,2.86500894943528,-6.32284073210511,4.19094711165061
"1003",-8.83592487256822,1.72475877498535,-4.51396274438542,3.09125393224777
"1004",-12.5494674573124,2.75354054328927,-7.74056196670913,2.85681895677238
"1005",-11.825962215569,1.32162368135582,-6.34206686152915,4.06043149549408
"1006",-13.158978667636,2.09056087667617,-7.18522373315255,3.63195246407886
"1007",-12.7325259546015,1.94109299776666,-7.2319051012016,3.594435611281
"1011",2.44639764001184,-1.06999302784548,-4.03938250535578,-5.85506688296345
"1012",3.19521280113826,-4.0998081476026,-3.14843326160923,-6.26445460449795
"1013",5.29519152340685,0.595385596210457,-2.77565227059162,-4.35151064224683
"1014",0.399310252625237,-1.25572903103512,-4.09108226213509,-4.50506161273586
"1015",1.71851307871041,-2.59075525974633,-3.75203206829307,-4.97847550318559
"1016",4.94120208606165,-2.02094179782813,-4.34781362576336,-5.00975201606725
"1017",2.19314152597119,-2.85520461248852,-4.36399012105435,-5.15219168789085
"1018",6.07946122066945,-3.43282566619867,-4.07409122495015,-6.49892178825158
"1019",2.39191828869088,-0.805856796979689,-2.502362704713,-4.83580890751838
"1021",4.19663073768514,-1.62146144892908,-2.11580076859855,-6.1073267623195
"1022",0.87689257826113,-4.31578329956342,-3.87073889136262,-6.62178408388861
"1023",4.59859930238387,-1.3975258267502,-2.6862237819117,-5.09962314506594
"1024",4.64513065501776,-1.19010519828681,-4.24922367409514,-5.19536385517437
"1025",-0.212886119426054,-0.508737898889471,3.57231802424195,-2.460457346176
"1026",1.80666097117853,2.05270232732116,2.87018776065894,-3.75672726803087
"1027",1.81699091996341,1.53130280739098,2.86979313436065,-3.14858787970197
"1028",1.21388743622194,2.1167906391037,2.67955890876922,-4.09611892199593
"1029",0.811978362033927,1.7603885540912,2.23149124820768,-4.13041091623602
"1030",1.01775348692169,1.01194703565021,3.66910767842309,-3.18454771291039
"1032",-0.296556343048951,0.507964200847952,2.86437427228456,-3.37755164449643
"1034",0.421816500589406,0.683037186146593,2.57026455774545,-4.11597901686146
"1035",0.770405152913994,0.678977529591562,2.38637392254845,-3.46373015279468
"1037",1.03691192068954,1.7331244967323,3.03825723727624,-3.92002616541739
"1038",0.389063215281735,0.648987872027932,2.68376471900173,-3.83323270081376
"1039",0.29825633035795,1.2772268205949,2.22303425355191,-2.60970906703169
"1040",1.94618947979987,1.080424098064,2.81670261360738,-4.86453112474326
"1041",9.96944638976505,-3.52553682454828,-7.80934570708057,3.06661807833547
"1042",11.195656606625,-4.22874519339246,-6.08510468213615,4.69182921205453
"1043",11.0612189682442,-4.56742366926575,-9.14152791816327,4.21008516048847
"1044",8.16854558282493,-3.66048387176847,-8.17192728050281,5.12802846003554
"1045",13.7113575908954,-4.46826617575113,-8.48135049156244,4.76786077519751
"1046",19.4126814869095,-6.08607009319702,-8.32397444852999,4.86520808560898
"1047",15.1939195910695,-5.47344207751619,-7.51686755741655,4.32581185460147
"1048",11.4466880147459,-5.92624391404787,-9.45962847436416,5.37438367159854
"1049",15.0146480965405,-3.59084082602978,-6.03767200510689,4.54001010481594
"1051",10.0168739096148,-3.06376227207013,-7.89992173760966,6.34158334570835
"1052",12.6222199153924,-4.19667256396831,-7.84208689851403,5.35039508918016
"1054",15.602919465633,-4.01433308185226,-5.26372883804702,5.08836923167138
"1055",15.4799501451831,-4.42002902783123,-6.91536719146568,3.81076881172527
"1057",0.00461526463975954,6.04304830023566,-0.29814323444334,2.11692233578805
"1060",-0.654003982234545,6.86432968989141,-0.888469134544813,2.3726925499075
"1061",2.03473394147326,6.62604735939744,0.784696946314718,1.80001377338395
"1062",-0.926692621363705,5.66031301602896,-0.509123091272907,2.91084713927499
"1063",-3.18315944019504,6.09210905910134,-2.33228231248165,2.62238266529609
"1064",-3.24306981718415,5.69229232066948,-1.88484069100411,3.35902946253584
"1065",-1.34041660884761,6.05467071626446,-0.911751336802166,2.73102966453862
"1066",-0.222455276416767,5.99365916738519,-0.662490864690128,3.03286643903738
"1067",-0.102194766357711,6.64900591421069,-0.554777664063834,3.1002817312691
"1068",-0.444410195056598,6.87396597795656,-0.240369544055384,2.94288150853612
"1069",-2.1291380148403,5.84159366222599,-1.53729224789094,3.70881168104422
"1070",-1.20880865627784,5.65889871766746,-1.02955357118374,3.87576965732797
"1071",-0.108648328308119,5.83898066123889,0.202579079270758,1.21968990299306
"1075",1.7853618230514,3.11252267412396,3.26459756554055,-3.12749142990249
"1076",3.53436747198607,4.5394662461997,2.70503603416474,-3.29821846943061
"1077",6.70773514650081,3.25156613500013,5.05013964734907,-4.62675511546688
"1078",5.5963445179279,2.70544543810871,3.77635712020535,-3.67385291812047
"1079",4.49784704854678,0.384288004984174,4.82326986141674,-5.81888093343403
"1080",1.85100962345769,2.21953500904423,3.3020324302914,-5.28054008301513
"1081",5.53206148835541,3.10293220266666,4.77086028354102,-3.99725205195371
"1082",3.20758113585481,2.015182695067,2.9318691774927,-4.47002604090531
"1084",11.2885786315973,2.97454939290384,6.47031078812883,-1.6320506617142
"1085",7.21620404706957,3.23383674046044,4.91121581385968,-1.67607726877749
"1086",6.43518751011251,1.99894350392817,4.52112033599052,-2.04096238330047
"1087",7.14268565454267,3.36484894901597,4.27496489457553,-2.04802324479246
"1088",6.69866936836644,4.52878268013743,4.2763479694293,-3.09192483250321
"1089",0.183859858569029,4.18960287686515,2.03594624153309,-2.25184474652569
"1090",0.844301660321414,1.39575651531067,2.69855597131467,1.39000649448217
"1092",2.26928298836052,1.4994051633441,1.72603650276928,0.46182385923099
"1093",-1.32907455418474,0.625064241964567,2.63121656172324,2.29121976988494
"1094",-2.30203876733839,1.24333615882505,2.37824739498545,1.61349389032367
"1095",0.161542587824332,1.57123755261881,2.74118830223155,-0.897150811097778
"1096",0.381787619050725,0.106999003594939,2.26639646406661,-0.227078956533257
"1097",-2.42349996975792,1.85938912637405,1.62386380018139,-1.5916956379629
"1098",-0.18064666172734,1.37560187671617,2.63187649870191,-2.30815059933487
"1099",0.793303700844158,0.714248649995193,3.06345288768524,-3.01741225715677
"1100",-0.706466637654948,4.31985930405058,1.11082930908889,-2.65017746158531
"1101",0.46011038031977,2.62017393589632,1.83778539025676,-2.82209350008013
"1102",-0.355510154891267,2.91907967584605,1.67313182409711,-0.201287209862285
"1105",-5.49972812295682,7.08151278898297,-2.34056381577059,2.28832897909837
"1106",-5.74994909096958,6.22221571404527,-2.00479770586104,-0.240498055759462
"1108",-4.82990826213513,7.48987001385917,-1.96001201649564,1.08280950471614
"1109",-5.33591303319716,6.90550080627502,-2.39042983669384,1.0164109720064
"1110",-6.51898656571313,6.90302723657152,-3.3457354712482,1.55058588674093
"1111",-5.38908899003146,6.96818976808669,-2.21657852488474,1.31054529426471
"1112",-6.07240896576211,6.65227012270981,-2.14122940931014,0.834050128918834
"1113",-7.32561067746973,6.57270323951881,-3.35328413085326,0.778856362843367
"1114",-5.25688867802118,6.24600487394678,-2.76618421086082,0.446250557334623
"1115",-6.7100103642203,6.10384451067499,-3.47757359490198,0.677508735057951
"1116",-3.23688225307051,7.87959198015748,-1.08088347961237,2.89906574601036
"1119",-3.12080550817794,6.39863322628477,-1.11555935918783,-0.985364923583577
"1120",-5.24440439360628,7.55923505577762,-2.55088322667364,1.15332879618271
"1121",-12.7739894565024,0.899454203713135,-6.05836345656853,1.92337488915109
"1122",-9.10344107635577,1.46307828745592,-5.84014568847472,0.749573070598858
"1123",-10.8170889330851,-0.813820029919932,-5.2099107781074,1.30437740103544
"1124",-11.2550420069526,-0.568816879588144,-4.36050635757627,2.21807755020214
"1125",-11.0832570677623,1.21709724131717,-6.06068260388066,1.0873275815994
"1126",-13.3207174453777,-0.566753215159485,-4.93591870457359,-0.603785591712483
"1127",-12.0473506558885,0.482499473252087,-6.05248813807975,1.70749037969458
"1130",-12.2057785104938,1.15956650950939,-6.61667048244716,3.02304187364945
"1132",-12.2664426303611,0.0621464678609271,-5.94085273603601,1.41906655418054
"1133",-12.1877601239192,0.392187219338355,-5.27689605144958,0.537242885942525
"1134",-12.1323675320858,2.24325919521682,-7.09193223846485,2.46756101204686
"1135",-9.77645568796314,1.66608222802478,-5.46403808116824,0.999713954617903
"1136",-12.0093144574342,0.997064450851084,-5.41841980766187,1.60700035704454
"1137",-0.848773974058309,9.01489493639133,-0.622213196907321,3.12117206413751
"1139",-0.385681845679768,9.71395313132463,-0.999153150033638,2.87759196240015
"1140",-0.809196154719368,8.62497453462119,-0.481178472386081,3.03830060334597
"1141",-0.122474039753853,8.97172119987629,-0.424110572429326,2.32931170500016
"1142",0.158216255169278,8.39282243501472,0.202735141428946,2.44368528772184
"1143",-0.846142724108114,9.24469270839944,-0.380247005649057,2.88490543489187
"1144",0.192661622918459,8.24436508105738,-0.310426549813807,2.67540289106671
"1145",-0.981200043585027,9.21844535169499,-0.867076134238104,2.77125256146175
"1147",-0.172448972258574,7.8210657004071,0.544575577430171,2.89315953379566
"1149",-0.955406388321076,9.03744713002741,-1.11511220031059,2.8316799176079
"1150",-0.926018752856907,8.87335119896356,-1.09966664461173,2.98424281436024
"1151",-0.80925919784391,8.89361017351206,-0.175867666208997,3.1559553013482
"1152",-0.827281685185974,9.43290182146868,-0.348175143114929,2.85711318899891
"1153",3.25008692298559,-3.79502038248163,-5.30186059959112,0.88515621371209
"1154",6.13688381916002,-2.85241443299817,-3.8264069771571,0.417259009919033
"1155",6.02295799129639,-3.34533886077422,-4.43963455371108,0.364378583412854
"1157",4.55671569040844,-6.41593544340541,-4.22898006784623,0.94546098534247
"1158",4.17100702966554,-3.20841656987872,-5.97497035302974,3.35215205717648
"1159",5.09502848705353,-4.55987398333151,-4.57362188229139,-0.131468810084411
"1161",10.5519193311968,-3.5878264061825,-3.00308385679474,1.31013994275639
"1163",7.23617313205269,-3.46527808619875,-5.91620808738734,-0.416754256099364
"1164",5.56830363452311,-4.36657029827316,-4.83605061779031,0.856114942193231
"1165",5.03354816503754,-5.2675297257513,-4.91209735229711,0.792853000471633
"1166",3.21837139053852,-4.60553872757217,-4.86056531194915,0.214950714843791
"1167",7.16117206460449,-4.05792626211935,-3.61541386928304,1.23202821607836
"1168",7.72801321412193,-3.89970816930796,-4.86827364402376,1.17645469845998
"1169",2.83217292527147,0.243834432397296,3.54632143400861,-1.55199343415072
"1170",-2.05729049250473,-3.40488728808196,4.57726129322524,-2.04685904224279
"1171",0.0697353884132767,-1.34133082873742,3.74452605148935,-3.57177780278254
"1172",-0.203096768519488,0.465286100204365,4.33969948636471,-3.09193796538661
"1174",0.140784287716643,-1.7930121495544,3.46272548766177,-2.48542903286681
"1175",-1.03887123013776,-2.55946218232621,5.02201153375906,-3.13504726879887
"1176",-2.86411128560355,-1.61628567664885,3.33876712240682,-4.2690372465501
"1178",-1.14973478484516,-0.722671230106267,2.01976814283327,-4.21335907025753
"1179",-3.26505613414665,-1.24910871221112,3.0759201103824,-3.94680060037568
"1180",-2.67450122529704,-2.38666095263002,3.93529242266655,-4.78760020415039
"1181",-2.04116417931571,-1.25188481535935,4.10486479398645,-3.73756939894949
"1182",-2.36446234959594,-3.44629299542468,4.27791075441073,-3.97259257409548
"1183",-2.16189228365175,-0.0572752794223161,2.20515215134998,-4.28481181861611
"1185",0.148897442806207,-3.61594433963463,-2.46138132126746,-2.44694761136992
"1186",-2.16627709996836,-4.17758642525706,-1.69864811991164,-3.13650195390819
"1187",-0.770258163223186,-3.25671229436669,-3.04110251607007,-5.01585042228976
"1188",0.320776837778684,-3.00795626519814,-3.58090525792695,-5.54942917857685
"1190",4.0244598205871,-5.57041488009544,0.216133020033664,-0.389350683148773
"1192",4.99081563706886,-6.94243172705013,-2.58657224494876,1.37809366217534
"1193",-0.441925753271486,-3.38227158845533,-3.420753160672,-6.14808776830109
"1194",-1.86081922918694,-4.53137640429225,-1.35441538289225,-3.98488542806732
"1195",-2.32179658615278,-3.93179156478687,-1.73857346558393,-3.8536719335726
"1196",2.72246417812115,-5.31195026920517,-2.39135745339127,-4.27296483954123
"1197",-2.72212175485087,-6.3803573095986,-2.17328251291652,-3.48399654892966
"1198",0.612208743112589,-5.42127069013368,-1.25648657864404,-2.75021089970805
"1200",2.70085859403479,-5.98941374120304,-1.7952516254947,-1.17226401865492
"1201",-9.34170831699018,3.36581591970467,-2.70498332901212,-2.12684681385254
"1202",-9.55378184822801,2.94642417863896,-2.91323003307969,-2.30417972881513
"1203",-8.31331749783942,1.46521212273724,-1.54735827985849,-2.16204349167881
"1204",-5.40476914476471,3.1775133300474,-0.600719097192183,-4.18444613828001
"1205",-8.38817278056866,2.4827678952311,-1.58643455177669,-2.51358625434046
"1206",-4.05234210745803,3.65619346964504,0.0956477419242904,-3.51612859360507
"1207",-8.22869590597376,2.5085610807164,-1.68815475817043,-2.92475091805928
"1208",-8.44952710660183,2.1768956166905,-1.4193927748314,-2.16361515535453
"1209",-5.17413990547681,2.66459231502157,-0.860974485931104,-3.93595753042334
"1210",-6.93781781347929,3.02772403585598,-2.12113528039878,-2.6886642514572
"1211",-8.44708051740487,3.56605230081054,-2.01158368732541,-2.59557535874431
"1215",-8.98824073913267,3.49489018155891,-1.94273547286976,-2.57918636128437
"1216",-8.48370890063257,3.36493941473938,-2.42691805059784,-3.30072839998001
"1217",-1.46064755275038,4.17834375830893,0.820106912726309,7.95474898765432
"1218",-1.94800216716209,3.47648884864393,0.950140149111536,5.87441077993707
"1219",-2.71677655339145,2.86176627786944,-0.888321962634253,6.34591533697498
"1220",-4.14662076870449,1.60024101775255,0.159594552212359,5.51849244896383
"1221",-2.04642824467578,1.57827881950273,1.05330841404095,6.10903260808541
"1223",-2.13123895270137,2.71555752371346,0.264691555977368,6.92057759148282
"1224",-4.44784820271252,4.9121793904115,-1.50024687841012,7.79811673207063
"1225",-3.86618073779807,3.73677467176994,-0.472401316558206,6.53135606323944
"1226",-3.30145403394913,4.34129991543895,-0.275695378745021,7.10439725641652
"1227",-3.07913015426908,2.0637718234522,-0.0446007307293457,6.03587645749257
"1229",-1.9464172430783,3.3101752607002,0.294405782732455,6.84819465965479
"1231",-1.10098977666097,3.11938959658783,1.00147180996532,6.49952705947135
"1232",1.1054733542048,2.82981035797195,2.54289233738247,5.35263823107418
"1233",-12.7415784885003,2.68925687644127,-6.74012095870045,2.83752643409837
"1235",-11.0424941923477,1.0586293420091,-4.4302607952987,1.81068839564663
"1237",-11.6905406004533,1.6585340690014,-5.71455833413806,1.8714642739251
"1238",-11.6136655347445,2.2970250424543,-5.62159466220856,0.826263533405218
"1239",-13.6816061685336,2.96075376270558,-7.38077129449504,2.5436460671945
"1240",-10.8474799534284,3.50547677858374,-6.03158015524153,2.33487883330025
"1241",-12.103445228433,1.53730183607936,-5.80971275096928,1.67264178491253
"1242",-13.5355671863874,0.548368095529825,-5.26911172498702,1.40913538528141
"1243",-9.12203092058835,2.40461479803649,-3.81378633411549,0.452453731093186
"1244",-10.5746496808342,1.23507247328236,-4.09381997063533,-0.0182309888177585
"1245",-10.9695877559534,1.55914265533454,-5.44317751820681,1.17203860226497
"1246",-12.5132636630031,1.73102760234614,-5.99143029139507,1.96142111439756
"1248",-13.0931138826754,1.75313328048575,-6.64741531495317,1.48424843922179
"1250",2.99935105074656,-2.47549964159389,-1.49121864207026,-1.86410947515123
"1252",3.11719633147519,-2.38423802494045,-1.86343747956087,-1.28421882310595
"1253",3.76642305384194,1.25944943758396,-2.69314831335873,-3.08333515296401
"1254",5.71469351460408,-0.314559285083736,-1.84103530280041,-0.665212258861293
"1255",4.79241442497155,-0.508244630514303,-2.14924436886321,-2.60075244678611
"1257",-0.914911158910622,-4.09353734633707,-1.95560169990244,-1.45183806129738
"1258",4.29836160314804,1.14814373878257,-2.30775508762695,-3.4876432901555
"1259",4.47439097799705,-0.656813170166947,-0.589201774851925,-0.121206775896118
"1260",0.945092551745261,-1.09896973878024,-2.22373920102206,-4.00305448811855
"1261",3.97526907763904,0.114781073292096,-1.67707985131176,-1.43434024697911
"1262",2.31236461313018,-1.01587295009487,-2.81996852683462,-1.63590671355355
"1263",4.56075613301731,0.243708033652647,-1.96485693461922,-1.4875326523086
"1264",1.95685284749557,-0.748685231306578,-2.69531123579906,-3.31411404672461
"1266",-12.5721096541681,1.14305203577202,-4.9252495476707,1.11390127134323
"1267",-13.0549712326487,0.102607864492301,-4.72139956537859,0.0457757847297399
"1268",-12.5170954233304,0.880578106796938,-4.69980430104733,0.53196256897529
"1269",-13.5899065673575,0.182904564163033,-4.9331317982864,1.11203962709773
"1271",-12.1211064790842,-0.0659148351087851,-4.47053252146481,2.20090975132985
"1272",-13.0703532535827,2.53369056794888,-6.91165754628446,1.56398766910564
"1274",-13.4807194983934,0.408858391494245,-5.19575392149296,1.14471714109578
"1275",-10.7343631945424,-0.0417606881868459,-4.01158357250816,0.271207395551547
"1276",-12.0009986091826,-0.144429151875516,-4.61950499303738,1.6205048672302
"1277",-11.3976109260008,0.462257885582644,-4.392711971952,0.728717987689864
"1278",-9.16741031650313,0.374928201374656,-3.0112109373281,-0.268808093055747
"1279",-10.0456924529931,0.837811678439844,-3.83934918959717,-0.661610448964188
"1280",-9.78317513662826,0.267680725055673,-5.72998026695938,1.05089693006766
"1281",13.8978846163383,-2.3705538676723,-5.54431306343687,-5.60469708074966
"1282",23.7888682677449,-8.11776083718883,-3.31862838417265,-0.107520720641002
"1283",25.7177709171406,-6.7738900393067,-4.89768650902913,-4.38737209124355
"1286",19.5932535668272,-6.35817954521971,-5.94376964697912,-0.926579781658415
"1287",19.2014840128045,-3.88130639972542,-2.40253187946587,-1.49964112040088
"1288",25.6855857364375,-5.42221107419507,-0.91090558143916,2.34067287920129
"1289",27.35442432992,-8.8526562795657,-5.15451278141708,-2.37093765464012
"1290",20.3281985773061,-2.89776950770334,0.35917502394666,1.86123171374699
"1291",23.5309991660781,-6.65222163708135,-5.85341617016913,-0.468071758302033
"1292",20.614298576768,-4.19018012427531,-1.78367524476748,-3.0315764250282
"1293",27.9025437776133,-7.80225014172883,-1.9801540783984,0.712463697606327
"1294",22.6128392096056,-7.22455801568574,-5.43924727863746,-2.51320965049215
"1296",19.6136978212711,-5.61941778979992,-5.97673143192187,-2.81568218712742
"1297",-8.55294074592793,3.44366873518937,-5.09767353380399,1.97962397617696
"1298",-11.361778683079,1.79455450496272,-5.67228189374274,1.61680727483548
"1299",-10.1631270980673,2.72429871502679,-5.22349123284216,2.02508674238181
"1300",-9.28240227100231,3.75667779030508,-5.64503415417946,1.95051176510264
"1301",-11.4926680963118,2.31663308132944,-5.64677804646779,2.31559707927261
"1302",-9.37723027806163,2.4715202766072,-4.55245616401825,1.48864889577821
"1303",-6.09565272324306,2.95681534857048,-3.20266123364793,1.06716882996391
"1304",-8.63635573127966,1.63986832889634,-4.96931437034828,0.502698500024977
"1306",-9.07917726475491,2.83077362105797,-4.1896681500672,1.46880679791194
"1309",-9.16148785510864,2.14501676636412,-4.72508932851732,0.267081188153103
"1310",-7.78343596319573,3.27500346930146,-3.7226537385003,0.764703543577165
"1311",-9.24451066666169,2.45138073915488,-4.84324515971304,0.848440398781562
"1312",-10.5210575413891,2.7149911943408,-5.53721548979833,1.41565499048797
"1313",0.208454751227243,-5.35736409426214,-2.84203294779744,1.17728897394698
"1314",-0.470198795822363,-4.47219982681924,-2.04372896278348,-1.30366549761145
"1315",0.250495595200026,-4.4978498758156,-2.46762379623342,-2.84143780167254
"1316",0.728452539112337,-4.36675151426148,-3.69150504635896,-1.62595903777421
"1318",0.881814659863083,-4.55762247255307,-3.85065999975241,-1.60077752750562
"1319",0.874148829584359,-3.70132853471044,-2.47377455925506,-2.69362072825089
"1321",-0.105135587593056,-4.84619842645386,-3.78648851914068,-1.84117951314352
"1322",0.675450946467073,-4.57164686419783,-3.22683917620665,-0.184136130312842
"1323",0.405320295939014,-4.44452039619897,-3.47293114933091,-2.39057495846596
"1324",0.0445740192545068,-4.68757002740286,-2.7699018338222,0.130782806969765
"1325",0.956969307300119,-4.65751586939151,-3.54356672367033,-0.629494173995591
"1326",-1.36736647933403,-5.33536913666586,-3.64967206598125,-1.79713208672725
"1328",1.39464580134566,-3.69320368118539,-3.54385997797552,-3.42669512017848
"1330",0.41804447574193,2.00391284587793,2.50076572562125,-2.24316025736918
"1331",-2.19332788395623,0.343686025179298,3.11174657591523,-2.30565948556877
"1333",-0.815497867624826,1.76857885889328,3.32233679319394,-1.85497720434764
"1334",-2.49572840811918,0.420462265354232,3.31937054182919,-3.01076558859751
"1335",0.798795892293525,2.04476685108138,2.76763233391404,-2.32183477010401
"1336",0.668292845425924,2.20522813114879,2.77804182931507,-1.86901033944268
"1338",-0.684893421983658,1.54469800158684,3.35095267774453,-1.67545195384034
"1339",-0.104448795904775,0.607428026428753,3.20614964241281,-3.21965656653952
"1340",-0.850525632867656,0.456159666579148,3.57798301063966,-3.15837104272624
"1341",1.43043412926917,2.95905471037067,2.5595153092934,-2.73603006588105
"1342",0.298481759966944,0.930407079504606,3.40623536183249,-3.73639441563963
"1343",0.287019117462792,2.93547679554453,2.99845418236371,-1.73782604122381
"1344",-0.167712759371762,2.24917702498869,2.86465142173349,-3.15666399248373
"1346",-6.76688129225271,-0.429352981748223,1.45697295488322,-5.1684750639626
"1347",-6.55123970927968,-0.960550126250548,1.96773758373225,-5.86557258933263
"1348",-5.59158734094717,-0.357358958745001,0.680760779112223,-4.03143737399977
"1350",-6.32258139842611,-1.05552656426827,1.35140299872628,-4.77784073519832
"1351",-8.08105564608435,0.174701517056715,0.403225757059184,-5.17894945875836
"1352",-6.96861128726393,0.728910249892587,0.820763882761067,-4.66054490316539
"1353",-7.46163111253862,-0.606105408681006,0.743159679227394,-3.16990659943473
"1354",-6.1030855240304,-0.74717754099893,1.17460118483771,-2.59746811749713
"1355",-6.79439870957623,-1.19840060796536,2.24599961705456,-4.91002918369308
"1356",-5.01096012108204,0.00222209075108603,1.17319571483829,-6.01819324847255
"1358",-6.0083502906975,-1.48218884012066,2.02096607452688,-4.04765290966556
"1359",-5.69556650642487,-0.785486336453712,1.72162565866779,-3.06176535204984
"1360",-5.69910296290418,-0.375125958767862,1.08430850574117,-5.96064315999032
"1361",4.14681438924477,-0.860133561279952,5.91673841448823,1.09292896885406
"1362",-1.9516539492346,-0.531139027404982,1.20654201344136,1.31362028055755
"1363",2.03383946842617,0.351871828959674,5.53432614998735,-0.873630802280743
"1366",4.79165796786165,0.863922509254082,5.43336711283122,-0.367560426773628
"1367",4.22350786790344,-0.626348402407666,6.58407628632417,1.59985192637548
"1368",6.67348151217619,0.299515705495581,6.19234158719503,1.25115870795815
"1369",4.28758058361452,0.575086218962736,5.84831552074145,1.47297160445002
"1371",-1.91183874715854,-0.581531910064714,2.93447376296421,1.90318501662934
"1372",6.54077726979254,-0.0758536412544842,5.70991108052032,1.89374600146114
"1373",3.808782103,0.556914640633731,5.57347773775036,0.364935553745981
"1374",6.65983908914558,-0.0170855196358887,6.74474207988584,1.66980818043082
"1375",3.70488915670447,0.0772783198642587,5.84785961836728,0.72539943563583
"1376",6.70840477284244,1.30050289506638,6.76935929705136,-0.665280776939717
"1377",1.61518941819501,5.30800787166921,1.5965763973261,0.76504584447511
"1378",-0.101748792722781,4.65801910786749,1.0952423797487,0.500693582873964
"1379",-2.07209731087015,5.04409145568911,1.10948527945772,0.973129408256524
"1380",0.277190390972461,4.84637436263131,2.03758281841187,-0.178453785931441
"1381",-0.379092816643752,5.03556973713789,1.56868568976619,-1.08585206312952
"1382",-1.84031233267152,3.79961476320506,1.47866849931389,-0.781400393428656
"1383",0.457573520503856,4.72027002611426,2.05232213730512,-1.1503122257084
"1384",-1.44220858244293,4.59484057823081,1.76450954857395,-1.08189879369632
"1387",-1.53465387121639,4.99289088770207,0.89956174416217,-1.58100573883261
"1388",0.981590874507899,4.7322343204253,1.65077198178553,-0.668163376203309
"1389",-2.14278250563014,4.41881276405457,1.31820729228546,-0.252482639840785
"1391",-1.10141356300114,4.78695213856246,1.55496775639005,0.455743303788544
"1392",1.26880559575058,4.84129236664772,1.81944854066169,0.554079744690379
"1393",1.68377733432877,6.44165072825036,2.21270670756248,5.15338086900464
"1394",4.42161887971306,5.10004280525633,3.53568436195412,5.21502188150957
"1395",5.89565288058458,6.60962951617061,3.76605391125306,7.06676691268948
"1396",6.71577075928981,6.64625787633227,4.55237456036219,6.89027119094861
"1398",7.02943275269076,6.84158786939279,4.71914523884182,7.12973348652443
"1399",0.79951380979772,6.76170958356779,1.88233672864289,4.41944807858603
"1401",3.64539704549838,6.08691423986565,3.65115786207488,6.33124462695424
"1402",9.14226564623578,6.63478507661769,5.25438315851975,6.87932784051797
"1403",2.78312103760368,5.93426519780832,2.87052652939205,3.00619065418416
"1404",4.52945303725872,6.45174001582235,3.65468356419586,6.6727506734133
"1405",4.13142094719199,6.3604508614964,2.97526339724628,5.08498599478092
"1406",7.15560341999319,6.88513457053353,4.58673592196449,6.88265782162274
"1408",4.26982276113514,6.53356101620777,3.40205254222318,7.43804826112857
"1409",-6.41736711250296,-5.44388305303184,6.6928849010533,1.3623766003267
"1411",-3.81639002044496,-2.73703374831796,4.9473418010277,1.64958491216755
"1412",-4.31408631732841,-3.97348579879092,5.38542339869073,4.96385080103199
"1413",-4.31606912820058,-5.61713636063279,6.80837172757768,4.95343729137304
"1415",-5.2710891467996,-4.75845599427067,6.40745855169332,3.3205219654076
"1416",-5.41491346796746,-5.64644311974844,7.23807685370087,0.71278535435233
"1417",-4.4677356700684,-4.15012727512968,6.00752503109309,4.31896418939039
"1418",-4.95398684866102,-5.20517278037003,6.68542710499236,4.01773295293128
"1419",-6.12120268201779,-5.9733719644576,6.71159651208099,5.58422861717159
"1420",-5.86949703541064,-4.82190325710593,5.86124250828537,6.69248740865575
"1421",-3.22146707916512,-3.96084741541737,5.90172957211334,4.88871774089053
"1422",-4.41723531128602,-4.42635525041626,6.54921757799889,4.80372099190339
"1423",-4.73900369831808,-5.03490309499848,6.88951842138398,4.96862427373204
"1425",7.50473763454806,5.61053669478306,3.98303443391386,-2.04582177503834
"1426",9.39437519315853,5.11343669301191,5.47623045293555,-2.23951801955371
"1427",6.00683078821811,4.58466330283506,4.39569251123034,-2.98064660690647
"1428",8.88985098767701,6.30558964503383,3.94379634646845,-1.13616904928159
"1429",6.68722762517138,5.55821668728013,4.46504808514987,-1.69160416050756
"1430",6.54259578106185,5.36330829423246,4.05288047441194,-1.52359772911028
"1431",8.33644465139755,2.30987479018495,5.02181261919634,-1.96575476633911
"1432",9.93363974715716,6.31050916015329,5.35367025878356,-2.20595810906865
"1433",6.2528093444171,4.63238407015014,4.18214806581103,-2.95852039366128
"1434",8.03829770731766,3.49276065393845,4.77900083791032,-2.24033650362717
"1435",7.60826876251155,4.96581101960919,4.92957503989381,-2.68955490672616
"1436",8.71611199443027,5.34418518499032,5.5036715111315,-2.29012645921316
"1437",9.14769031155045,3.34548156845455,5.43186354895561,-2.12021980406888
"1441",-0.355989335822146,-8.23694920070659,1.48687131328931,3.19616636083516
"1443",0.586553389438093,-8.27907495386552,1.66069272708594,3.29122004609712
"1444",1.14545607565125,-8.42047034881681,1.61131498201388,4.2555743398032
"1445",0.642005328843334,-8.26147711727135,1.02884912016337,3.60221209066139
"1446",-0.132746884881175,-8.19475313475819,2.32976507307693,2.97472716922561
"1447",-0.2437994782923,-7.48587855891362,0.535402123824492,3.40217220975402
"1449",0.456475797688459,-8.13918105986193,1.53021507324112,3.12775854862865
"1450",0.71922167770132,-7.89528552316579,0.627433635803379,3.4789222872124
"1451",0.972577856406384,-7.88542715111153,0.544739798706626,2.80917444053351
"1452",1.65938991321864,-7.39563250822987,0.355079296183795,4.11160794868348
"1454",0.436271268917242,-6.8079027240456,0.336121162000099,3.0553110841205
"1455",0.0195759595130618,-7.15211105802337,-0.317517174598492,3.54735468213854
"1456",0.525742846606546,-7.91568418300279,1.93973677520699,3.71437601047946
"1457",-1.9048698465691,-1.62975099130607,-1.89124036018282,2.16362380015791
"1458",-3.8634599591721,-4.05226284066901,-0.351252376701937,0.285890668075653
"1459",-2.8990462937925,-3.90046623814149,-0.540880758570376,0.676966919526566
"1461",-3.39132933773053,-3.17064227199305,-1.25663711506696,3.21316441458825
"1462",-2.16275447584212,-2.80311416354653,-1.05807508386869,0.640411819464969
"1463",-2.18819768997517,-2.13265272516846,-1.59248581891109,0.413362289817367
"1464",-4.1646420650195,-3.72618088138144,-0.769203677414411,-0.172744409946076
"1465",-2.60340507591469,-2.39078624068097,-1.25230310445198,2.04661143296144
"1466",-3.13988559667689,-2.69181982608838,-0.859140226924877,-0.381402159613914
"1467",-3.31433063966139,-1.41491927019733,-1.99371797500603,-2.54946285004584
"1468",-3.16915233113899,-3.36677903794025,-0.469068020287193,0.363958254574717
"1469",-1.99829753831845,-2.84113311753326,-0.710097904785647,-0.343402877942608
"1471",-2.42801852666405,-3.50530784399,-0.966406718857153,2.12590657861784
"1473",-2.93259432361113,-4.58613924446629,1.88832963671236,0.0517648729349728
"1474",-3.78713988286994,-4.67378686300139,0.572762545613018,0.580099148265043
"1475",-3.889136845376,-4.89107282749413,1.77584190558919,0.399752457984231
"1476",-3.79499449631883,-4.41403601683635,0.933036935487667,-0.533526816535313
"1478",-0.727463598516524,-6.27107841023321,1.89596898993368,2.07707470232768
"1479",-3.60739677448473,-5.44230145461118,2.18490152142678,0.137220843730749
"1481",-4.99008332647132,-3.82026575324872,-0.156425447944641,-0.423718433367554
"1483",-3.18335754665746,-3.1031041814005,0.476731330166363,-0.508817091168898
"1484",-7.47369386278017,-4.89300082094933,0.0364087548671483,0.389573071677771
"1485",-4.9545623977036,-4.78274513837561,1.35899565563577,-0.103667407446567
"1486",-5.49468187894697,-3.50990857513402,-0.365214896788707,-0.611025016724037
"1487",-5.20327727707379,-4.06608332471061,0.870412956528768,0.245596879150593
"1488",-3.80819658156139,-6.27617771105604,1.93105637429814,1.0516868309957
"1489",0.393448568356398,-4.17285804835166,1.62325875684993,-1.78018388365045
"1490",0.526236495795073,-4.51914537681867,1.94715396812946,-1.13538932956451
"1491",0.754738826665168,-4.98229650651343,1.96988843596711,-1.25886520916291
"1492",-0.473824475629968,-6.04320502695605,1.37314843149715,-1.33396444004257
"1494",-1.48775620097965,-6.09452985188745,2.07494452644388,-1.16290753790679
"1495",-1.24085566741606,-7.09866284363755,2.04774361475131,0.92027673292703
"1497",-0.631301193962898,-6.47464422570764,2.03256514794976,-1.97182355472676
"1498",-0.881630675578739,-5.34596175640518,0.963894440592385,-0.458332998407085
"1499",-1.95862311978679,-7.0357339346641,2.14045004479649,0.672420824077883
"1500",-0.317099613292816,-5.07590146343155,1.64974528284236,-0.414343796614574
"1501",0.824270666259134,-4.19082100342514,2.14822813732662,-1.65243517543409
"1502",-0.337489760092092,-5.91473208007886,2.43331830462275,-1.23411836943198
"1504",-0.220480347429937,-5.22635157393404,2.47187711274351,-1.35044739860939
"1505",-8.07072314627917,-6.79994648604157,3.16226178959375,4.03944727394391
"1506",-8.86236433330149,-6.42232375854276,2.35745471029941,6.03854470840723
"1507",-9.22075587403825,-6.65155260477707,2.67150716359446,5.10804560714644
"1509",-9.03598461433695,-6.08492777459011,1.85563427041648,5.98242418181161
"1510",-8.65516032984214,-7.28581097321464,3.20422055563235,5.80266986434463
"1512",-6.8189898436105,-6.44504741902999,4.21031190113612,5.21644375382215
"1513",-6.37333382185026,-6.34138539295477,3.88489946137241,6.30743143032215
"1514",-6.44730449147285,-6.21924453789376,2.9352266211587,5.41001137225151
"1515",-7.32057875055814,-6.32965975935457,3.08052506901631,6.22609209799331
"1516",-8.5107258861562,-6.83894583057163,2.67812130379294,5.43285467486103
"1517",-7.16431889975314,-6.23198803403476,2.76694753941163,7.04093033580702
"1518",-7.80920904517473,-5.90005213701254,3.2412339246565,6.25730646156806
"1520",-5.26262234768925,-6.15722461508034,3.9940986693544,2.5342056263849
"1522",3.72386753749863,-1.60884166610474,-4.74283940588244,-1.93339463957489
"1523",12.6033607345872,-0.672475523052586,-5.58372226671363,-2.56813874229916
"1525",9.70255699909782,-0.413090570821126,-3.55814999297077,-2.38370312364657
"1526",2.78884049939907,-0.901667800018238,-4.33482256342403,-0.864108966515688
"1527",2.23069520892827,-0.255691947098034,-5.58446995971835,1.91508210054636
"1528",2.674470899263,0.655816229727517,-6.38946459734976,0.433967738967234
"1529",7.65612135493895,0.239859581048558,-6.43322836403783,-2.84806243947667
"1531",6.51076524681758,1.59567175792513,-5.65840537209016,-2.19819873776352
"1532",3.77663503834353,1.62868117253404,-6.67538063324019,-2.12106273860862
"1533",11.284064694765,-1.9125211411742,-5.68294857555493,-1.07375192841332
"1534",8.21407925975851,-2.83334052415511,-3.67216527850394,-0.0870674799367117
"1535",3.14958685762048,-0.138046616286672,-4.83162631298136,-0.667579285114204
"1536",3.4016955454131,-0.100930399546054,-4.60201141418574,0.514171831011524
"1537",5.87560480817462,2.72128116058006,2.70038746004487,4.18288953877716
"1538",6.77184604175505,2.02784374229353,2.46507090363447,5.0774133795464
"1539",4.8197180352145,3.63456326016056,2.88137500489963,6.77942709322816
"1540",5.60548935965072,2.55955763794163,2.40955710960558,6.351020136499
"1541",5.58169883341546,3.0756244040708,2.71134242865178,6.15013903457251
"1542",4.49765760999314,2.98305092598835,3.068219163723,6.46944876527378
"1543",5.18518631826361,2.33001211589758,2.47981700048925,5.85629844540092
"1544",5.5629594698269,2.9430602878415,1.70315044728037,6.83033979411351
"1546",4.13784482558656,1.8413834397116,2.15858307422703,6.7208236439789
"1548",5.2269586478602,1.96181163682583,2.33783041079791,6.38152813594221
"1549",4.74241426184456,1.83339795652733,2.74503522119018,5.60379218859457
"1550",5.16615604606367,2.50590541766945,2.62530348811683,5.79999548738851
"1551",5.1911144444948,2.35779910954095,2.71084796926187,5.08943041684216
"1553",-1.65198750691751,-0.812720862661777,3.20369934639751,-2.33794429859429
"1554",2.04996002971694,-0.527157035411534,5.33845457410002,-1.3067438328679
"1555",0.189991580793501,-1.07603648405737,4.81716679951131,-0.725349313310631
"1556",-0.520647833257968,1.27678472954126,3.63771746368414,-2.09748094653773
"1557",-2.35554293592312,-2.51240247614696,3.88350349202198,-0.987750734359291
"1558",-2.87364439576722,-1.85494593268524,4.20019895699468,-2.49340829119517
"1559",-0.574845247379977,-0.101730642294063,3.69446272296361,-2.81882083032286
"1560",1.40335070078275,1.2922179957333,4.16475241664608,-4.72430550355326
"1562",0.315764526064436,1.16978135495902,3.61149891290033,-3.57772464789313
"1563",-1.92193355304967,-0.940153106943732,3.87392095312528,-0.646332674589032
"1564",-0.851667314085423,-1.14579349309906,3.74418545314851,-2.24063692139292
"1565",4.46888474595048,0.694575955782423,6.13858616323892,-3.96204566785996
"1566",3.12974460832822,-0.632124317989313,4.93713551473858,-3.02069587062065
